title,rent,room,lease,city,area,community,position,decoration,space,face,floor,type,time,contacts,evaluate
租房立省4000元园建大楼家电齐全 拎包入住 急租急租,2000,3室1厅1卫,付1押1,合租,福田,园建大楼,笔架山,精装修,12.9平方米,东北,低层(共15层),普通住宅,2019年6月12日,陈**,打败了88%的同城经纪人
租房立省3000元龙井小区商超齐全 压一付一 随时看房,1900,3室1厅1卫,付1押1,合租,福田,龙井小区,农科中心,精装修,21.6平方米,朝南,低层(共23层),普通住宅,2019年6月12日,刘*,打败了68%的同城经纪人
南头小区配套完善 适合居家 安全放心 户型方正 采光足,1399,3室1厅1卫,付1押1,合租,南山,新海大厦,南头,精装修,17.9平方米,朝西,低层(共28层),普通住宅,2019年6月12日,白*,打败了88%的同城经纪人
租房立省2000元东港中心大厦全新家电给你个温馨的窝,2210,3室1厅1卫,付1押1,合租,罗湖,东港中心大厦,东门,精装修,23.1平方米,西北,高层(共20层),普通住宅,2019年6月12日,刘*,打败了68%的同城经纪人
佳兆业大都汇 紧邻地铁，押一付一 蛋壳公寓,2550,1室1厅1卫,付1押1,合租,布吉,佳兆业大都汇,布吉街,精装修,13.3平方米,朝南,低层(共13层),普通住宅,2019年6月11日,李**,打败了74.2%的同城经纪人
龙岗  户型1室 蛋壳公寓 免中介 拎包入住,2550,1室1厅1卫,付1押1,合租,布吉,龙威花园,布吉关,精装修,15.3平方米,朝南,低层(共16层),普通住宅,2019年6月11日,李**,打败了74.2%的同城经纪人
首月0元住后海天悦园可短租可月付押一付一领包入住,1610,3室1厅1卫,付1押1,合租,南山,天悦园,海岸城,精装修,14平方米,朝北,低层(共16层),普通住宅,2019年6月12日,居**,打败了68%的同城经纪人
,,,,,,,,,,,,,,,
首月0元住桃源居中信24管家服务高性价比大主卧等,815,2室1厅1卫,付1押1,合租,宝安,领航里程花园(中信领航城一期),领航城,精装修,14.3平方米,东北,高层(共19层),普通住宅,2019年6月12日,王**,打败了77.2%的同城经纪人
白石洲 桂苑 精装全配 押一付一 0中介 拎包住,2000,3室1厅1卫,付1押1,合租,南山,桂苑,华侨城,精装修,14.4平方米,朝东,中层(共25层),普通住宅,2019年6月12日,刘*,打败了68%的同城经纪人
百合星城 紧邻地铁，押一付一 蛋壳公寓,2550,1室1厅1卫,付1押1,合租,布吉,百合星城(一期),布吉街,精装修,13.4平方米,朝北,低层(共11层),普通住宅,2019年6月11日,李**,打败了74.2%的同城经纪人
龙岗  户型1室 蛋壳公寓 免中介 拎包入住,2550,1室1厅1卫,付1押1,合租,布吉,京南华庭,布吉街,精装修,13.9平方米,东南,低层(共14层),普通住宅,2019年6月12日,李**,打败了74.2%的同城经纪人
首月0元住岗厦皇洲花园家电齐全 拎包入住 急租急租,2160,3室1厅1卫,付1押1,合租,福田,皇洲花园,福华新村,精装修,14.3平方米,东北,低层(共16层),普通住宅,2019年6月12日,刘*,打败了68%的同城经纪人
租房立省2000元鸿荣源禧园商超齐全 压一付一 随时看房,1741,3室1厅1卫,付1押1,合租,宝安,鸿荣源禧园,沙井,精装修,13.7平方米,东北,中层(共16层),普通住宅,2019年6月12日,朱*,打败了71.6%的同城经纪人
长城盛世家园 温馨精装合租房，手快有手快无，电话咨询优先,2330,3室1厅1卫,付1押1,合租,福田,长城盛世家园(一期),彩田村,精装修,25.1平方米,朝北,低层(共26层),普通住宅,2019年6月12日,刘*,打败了68%的同城经纪人
星座大厦石厦网红盘单身男女的福地离地铁近,5500,1室1厅1卫,面议,整租,福田,星座传奇,石厦,豪华装修,37.2平方米,朝北,中层(共33层),普通住宅,2019年6月12日,付**,打败了30.9%的同城经纪人
租房立省3000元星河锦居高档花园小区家私齐全,1820,3室1厅1卫,付1押1,合租,福田,星河锦居,沙尾,精装修,16.8平方米,西北,低层(共18层),普通住宅,2019年6月12日,刘*,打败了68%的同城经纪人
租房立省4000元金泓凯旋城高档花园小区家私齐全,2090,2室1厅1卫,付1押1,合租,宝安,金泓凯旋城,宝安中心区,精装修,15.5平方米,朝南,低层(共18层),普通住宅,2019年6月12日,鲜**,打败了65.5%的同城经纪人
租房立省2000元新塘村家电齐全 拎包入住 急租急租,1890,3室1厅1卫,付1押1,合租,南山,新塘村,白石洲,精装修,18.5平方米,朝北,高层(共19层),普通住宅,2019年6月12日,唐*,打败了68%的同城经纪人
首月0元住蔡屋围宝泉庄精装带家电 出门公交车站,2160,3室1厅1卫,付1押1,合租,罗湖,宝泉庄,笋岗,精装修,16.2平方米,西南,高层(共24层),普通住宅,2019年6月12日,周*,打败了84.3%的同城经纪人
租房立省4000元雅居苑精装好房 先到先得  月付,935,3室1厅1卫,付1押1,合租,宝安,雅居苑,西乡,精装修,15.2平方米,东南,低层(共18层),普通住宅,2019年6月12日,刘*,打败了68%的同城经纪人
首月0元住后海保利城花园1730可短租可月付,1730,2室1厅1卫,付1押1,合租,南山,保利城花园,南山中心区,精装修,15.2平方米,东北,低层(共16层),普通住宅,2019年6月12日,刘*,打败了68%的同城经纪人
租房立省4000元东方银座公馆精装带家电 出门公交车站,1260,2室1厅1卫,付1押1,合租,南山,东方银座公馆,前海,精装修,14.1平方米,朝北,低层(共18层),普通住宅,2019年6月12日,徐*,打败了79.9%的同城经纪人
立减2000 梅林海关生活区 精装 押一付一 免中介,2190,3室1厅1卫,付1押1,合租,福田,梅林海关生活区,莲花一村,精装修,22.9平方米,西南,高层(共19层),普通住宅,2019年6月12日,刘*,打败了68%的同城经纪人
美庭苑，紧邻地铁，押一付一，家电全新，可短租,1490,3室1厅1卫,付1押1,合租,龙华,美庭苑,梅林关口,精装修,15平方米,朝北,低层(共8层),普通住宅,2019年6月12日,刘*,打败了68%的同城经纪人
舒适的居住环境 光线通透 安静怡人 家电家具全新桃源村,2000,3室1厅1卫,付1押1,合租,南山,朗苑,桃源村,精装修,20.3平方米,朝西,低层(共21层),普通住宅,2019年6月12日,何*,打败了74.2%的同城经纪人
首月0元住竹子林金众套房直租随时看免中介商超齐全,1990,3室1厅1卫,付1押1,合租,福田,金众小区,竹子林,精装修,13.9平方米,朝北,高层(共20层),普通住宅,2019年6月12日,刘*,打败了68%的同城经纪人
租房立省4000元百丽湾花园家电齐全 拎包入住 急租急租,1290,3室1厅1卫,付1押1,合租,南山,百丽湾花园,后海,精装修,13.8平方米,朝北,低层(共16层),普通住宅,2019年6月12日,倪*,打败了95.5%的同城经纪人
租房立省4000元名商园高档花园小区家私齐全,1342,3室1厅1卫,付1押1,合租,南山,名商园,华侨城,精装修,21平方米,东南,低层(共22层),普通住宅,2019年6月12日,夏**,打败了77.2%的同城经纪人
南山周边配套完善 有电梯 户型方正 采光足 宜居住,1100,3室1厅1卫,付1押1,合租,南山,桂庙花园,南山中心区,精装修,16.2平方米,东北,中层(共17层),普通住宅,2019年6月12日,罗**,打败了84.3%的同城经纪人
租房立省2000元向西大厦商超齐全 压一付一 随时看房,1600,3室1厅1卫,付1押1,合租,罗湖,向西大厦,东门,精装修,15.8平方米,西北,中层(共15层),普通住宅,2019年6月12日,刘*,打败了68%的同城经纪人
租房立省3000元海洋大厦商超齐全 压一付一 随时看房,1550,3室1厅1卫,付1押1,合租,罗湖,海洋大厦,翠竹,精装修,12.4平方米,西北,低层(共14层),普通住宅,2019年6月11日,刘*,打败了68%的同城经纪人
首月0元住南山南山中心区现代城华庭可短租可月付押一付一,1480,3室1厅1卫,付1押1,合租,南山,现代城华庭,南山中心区,精装修,16.3平方米,东北,低层(共18层),普通住宅,2019年6月12日,韩**,打败了74.2%的同城经纪人
租房立省4000元后瑞村高层采光视野好 交通生活便利,970,3室1厅1卫,付1押1,合租,宝安,后瑞村,宝安机场,精装修,14.9平方米,西北,低层(共16层),普通住宅,2019年6月12日,王**,打败了77.2%的同城经纪人
桃源村梅州大厦环境优美 楼层佳 无遮挡采光好 全齐出租,1410,3室1厅1卫,付1押1,合租,南山,梅州大厦,桃源村,精装修,12平方米,朝北,中层(共10层),普通住宅,2019年6月12日,张*,打败了74.2%的同城经纪人
首月0元住水贝金豪花园全新装修 品牌家电 看房随时,1560,3室1厅1卫,付1押1,合租,罗湖,金豪花园,笋岗,精装修,11.2平方米,朝东,高层(共20层),普通住宅,2019年6月12日,刘*,打败了68%的同城经纪人
,,,,,,,,,,,,,,,
租房立省4000元世界花园香山居商超齐全 压一付一 随时看房,1347,3室1厅1卫,付1押1,合租,南山,世界花园香山居,华侨城,精装修,18.9平方米,朝西,低层(共22层),普通住宅,2019年6月12日,夏**,打败了77.2%的同城经纪人
首月0元住水贝铁路生活小区高档花园小区家私齐全,1460,3室1厅1卫,付1押1,合租,罗湖,铁路生活小区,笋岗,精装修,13.3平方米,朝东,中层(共13层),普通住宅,2019年6月12日,刘*,打败了68%的同城经纪人
租房立省3000元世纪春城精装全配房间精致且温馨,920,3室1厅1卫,付1押1,合租,龙华,世纪春城(一期),龙华,精装修,15平方米,朝西,高层(共19层),普通住宅,2019年6月12日,刘*,打败了68%的同城经纪人
首月0元住黄贝岭海富花园家电齐全 拎包入住 急租急租,1960,3室1厅1卫,付1押1,合租,罗湖,海富花园,黄贝岭,精装修,13.6平方米,西南,中层(共15层),普通住宅,2019年6月12日,刘*,打败了68%的同城经纪人
首月0元住石厦皇庭世纪全新装修 品牌家电 看房随时,2090,3室1厅1卫,付1押1,合租,福田,皇庭世纪,皇岗,精装修,17.5平方米,朝南,低层(共20层),普通住宅,2019年6月12日,朱**,打败了68%的同城经纪人
龙珠花园 紧邻地铁，押一付一 蛋壳公寓,2550,1室1厅1卫,付1押1,合租,布吉,龙珠花园,布吉关,精装修,14.4平方米,朝南,低层(共15层),普通住宅,2019年6月11日,李**,打败了74.2%的同城经纪人
租房立省4000元万科金域华府全新家电给你个温馨的窝,920,3室1厅1卫,付1押1,合租,龙华,万科金域华府,龙华,精装修,12.7平方米,朝南,中层(共13层),普通住宅,2019年6月12日,陈**,打败了84.3%的同城经纪人
鸿锦阁 三房合租 男女不限 从事正当职业 干净卫生,2550,3室1厅1卫,付1押1,合租,罗湖,鸿锦阁,黄贝岭,精装修,15.2平方米,朝南,高层(共20层),普通住宅,2019年6月12日,刘*,打败了68%的同城经纪人
中银花园 三房合租 男女不限 从事正当职业 干净卫生,2300,3室1厅1卫,付1押1,合租,福田,中银花园,福田中心,精装修,19.7平方米,西北,低层(共22层),普通住宅,2019年6月12日,刘*,打败了68%的同城经纪人
租房立省3000元泊林花园全新家电给你个温馨的窝,1250,3室1厅1卫,付1押1,合租,罗湖,泊林花园,水贝,精装修,14.4平方米,朝东,高层(共19层),普通住宅,2019年6月10日,张**,打败了82.4%的同城经纪人
立减2000星河锦居精装带家私押一付一免中介,1620,3室1厅1卫,付1押1,合租,福田,星河锦居,沙尾,精装修,16.2平方米,西北,中层(共18层),普通住宅,2019年6月12日,刘*,打败了68%的同城经纪人
租房立省4000元潜龙鑫茂花园独卫带阳台 家电齐全 无中介,880,3室1厅1卫,付1押1,合租,龙华,潜龙鑫茂花园(A区),民治,精装修,11.2平方米,朝北,低层(共14层),普通住宅,2019年6月12日,冉**,打败了91.1%的同城经纪人
租房立省2000元祥祺花园家电齐全 拎包入住 急租急租,2100,3室1厅1卫,付1押1,合租,南山,祥祺花园,白石洲,精装修,20.9平方米,东北,中层(共14层),普通住宅,2019年6月12日,唐*,打败了68%的同城经纪人
租房立省4000元前海花园押一付一 精装公寓 无中介,1585,2室1厅1卫,付1押1,合租,南山,前海花园,前海,精装修,13.5平方米,朝南,低层(共9层),普通住宅,2019年6月12日,徐*,打败了79.9%的同城经纪人
租房立省3000元外贸大院高层飘窗近地铁生活便利,1550,3室1厅1卫,付1押1,合租,罗湖,外贸大院,水库,精装修,12.8平方米,朝东,低层(共15层),普通住宅,2019年6月10日,李*,打败了94.7%的同城经纪人
租房立省4000元鸿荣源壹成中心花园全新装修 品牌家电 看房,1270,3室1厅1卫,付1押1,合租,龙华,鸿荣源壹成中心花园,龙华,精装修,14.9平方米,朝北,中层(共30层),普通住宅,2019年6月12日,雷**,打败了71.6%的同城经纪人
租房立省4000元绿景阁精装好房 先到先得  月付,1280,3室1厅1卫,付1押1,合租,南山,绿景阁,华侨城,精装修,18.2平方米,朝北,低层(共18层),普通住宅,2019年6月12日,夏**,打败了77.2%的同城经纪人
租房立省4000元耀荣园民水电 免中介 拎包入住,2405,3室1厅1卫,付1押1,合租,福田,耀荣园,香蜜湖,精装修,11.2平方米,西北,低层(共13层),普通住宅,2019年6月12日,王**,打败了71.6%的同城经纪人
典雅居 高立减3000 紧邻地铁 家具全新,1550,3室1厅1卫,付1押1,合租,罗湖,典雅居,翠竹,精装修,11.7平方米,西南,中层(共12层),普通住宅,2019年6月12日,刘*,打败了68%的同城经纪人
租房立省4000元星河盛世近地铁，环境优美，拎包入住,1050,3室1厅1卫,付1押1,合租,龙华,星河盛世,民治,精装修,21.3平方米,朝东,中层(共24层),普通住宅,2019年6月12日,陆*,打败了71.6%的同城经纪人
立减2000振兴精装带家私押一付一免中介,2250,1室1厅1卫,付1押1,合租,南山,振兴小区,蛇口,精装修,20.8平方米,朝北,低层(共23层),普通住宅,2019年6月12日,刘*,打败了68%的同城经纪人
首月0元住水贝长富花园精装好房 先到先得  月付,1250,3室1厅1卫,付1押1,合租,罗湖,长富花园,布心,精装修,15.6平方米,西北,中层(共11层),普通住宅,2019年6月10日,张**,打败了82.4%的同城经纪人
桃源村视野开阔 豪华装修 家电家具齐全平福苑,1910,3室1厅1卫,付1押1,合租,南山,平福苑,大学城,精装修,17.3平方米,朝南,高层(共24层),普通住宅,2019年6月12日,刘*,打败了68%的同城经纪人
首月0元住桃园桃花园1645可短租可月付押一付一,1645,3室1厅1卫,付1押1,合租,南山,桃花园,南头,精装修,14.4平方米,朝东,低层(共18层),普通住宅,2019年6月12日,居**,打败了68%的同城经纪人
租房立省2000元白石洲建行宿舍出门就是地铁 精装带家私,2050,3室1厅1卫,付1押1,合租,南山,白石洲建行宿舍,白石洲,精装修,20.7平方米,朝北,高层(共21层),普通住宅,2019年6月12日,唐*,打败了68%的同城经纪人
租房立省4000元园建大楼家电齐全 拎包入住 急租急租,2000,3室1厅1卫,付1押1,合租,福田,园建大楼,笔架山,精装修,12.9平方米,东北,低层(共15层),普通住宅,2019年6月12日,陈**,打败了88%的同城经纪人
立减2000登良花园精装带家私押一付一免中介,1750,1室1厅1卫,付1押1,合租,南山,登良花园,南油,精装修,13.8平方米,朝南,低层(共18层),普通住宅,2019年6月12日,刘*,打败了68%的同城经纪人
租房立省4000元伽乐园出门就是地铁 精装带家私,2890,3室1厅1卫,付1押1,合租,龙华,伽乐园,民治,精装修,26.5平方米,朝南,低层(共28层),普通住宅,2019年6月12日,刘*,打败了68%的同城经纪人
星座大厦石厦网红盘单身男女的福地离地铁近,5500,1室1厅1卫,面议,整租,福田,星座传奇,石厦,豪华装修,37.2平方米,朝北,中层(共33层),普通住宅,2019年6月12日,付**,打败了30.9%的同城经纪人
前海海王户型方正 采光充足朝向好 精装修配套齐全,1720,3室1厅1卫,付1押1,合租,南山,海王小区,前海,精装修,17.6平方米,西北,高层(共19层),普通住宅,2019年6月12日,姚**,打败了95.5%的同城经纪人
租房立省4000元鸿荣源壹成中心花园近地铁，环境优美，拎包入,1260,3室1厅1卫,付1押1,合租,龙华,鸿荣源壹成中心花园,龙华,精装修,13.4平方米,东北,中层(共27层),普通住宅,2019年6月12日,雷**,打败了71.6%的同城经纪人
南油海典居视野广阔 采光好 空气质量好 车位充足,1480,3室1厅1卫,付1押1,合租,南山,海典居,南山中心区,精装修,16.4平方米,西南,中层(共15层),普通住宅,2019年6月12日,游**,打败了74.2%的同城经纪人
租房立省4000元星河丹堤包物业包网费 无中介,905,3室1厅1卫,付1押1,合租,龙华,星河丹堤,龙华,精装修,13.7平方米,西北,高层(共25层),普通住宅,2019年6月12日,冉**,打败了91.1%的同城经纪人
租房立省3000元宝瑞轩押一付一 精装公寓 无中介,1840,3室1厅1卫,付1押1,合租,福田,宝瑞轩,保税区,精装修,12.1平方米,西北,低层(共15层),普通住宅,2019年6月12日,雷*,打败了74.2%的同城经纪人
租房立省4000元华府苑全新装修 品牌家电 看房随时,1710,2室1厅1卫,付1押1,合租,南山,华府苑,前海,精装修,16.1平方米,西北,低层(共18层),普通住宅,2019年6月12日,徐*,打败了79.9%的同城经纪人
首月0元住新安新锦安雅园可短租可月付押一付一,2130,3室1厅1卫,付1押1,合租,宝安,新锦安雅园,宝安中心区,精装修,13.3平方米,朝北,低层(共14层),普通住宅,2019年6月12日,段**,打败了74.2%的同城经纪人
南向采光足 全齐出租 拎包即住 室友易相处蛇口,1170,1室1厅1卫,付1押1,合租,南山,兰溪谷国际公寓,蛇口,精装修,13.2平方米,西北,中层(共13层),普通住宅,2019年6月12日,夏**,打败了77.2%的同城经纪人
吉信大厦 紧邻地铁，押一付一 蛋壳公寓,2550,1室1厅1卫,付1押1,合租,布吉,吉信大厦,布吉街,精装修,14.2平方米,东北,低层(共13层),普通住宅,2019年6月12日,李**,打败了74.2%的同城经纪人
首月0元住罗湖蔡屋围大信大厦楼层好有停车位,2490,3室1厅1卫,付1押1,合租,罗湖,大信大厦,笋岗,精装修,14.9平方米,东南,低层(共16层),普通住宅,2019年6月12日,季*,打败了91.1%的同城经纪人
渔港大楼 寻找女生合租 楼梯四楼 家私齐 拎包入住,2290,1室1厅1卫,付1押1,合租,南山,渔港大楼,蛇口,精装修,20.6平方米,西北,低层(共24层),普通住宅,2019年6月12日,刘*,打败了68%的同城经纪人
首月0元住后海保利城花园1730可短租可月付,1730,2室1厅1卫,付1押1,合租,南山,保利城花园,南山中心区,精装修,15.2平方米,东北,低层(共16层),普通住宅,2019年6月12日,刘*,打败了68%的同城经纪人
租房立省4000元名商园高档花园小区家私齐全,1342,3室1厅1卫,付1押1,合租,南山,名商园,华侨城,精装修,21平方米,东南,低层(共22层),普通住宅,2019年6月12日,夏**,打败了77.2%的同城经纪人
租房立省4000元怡海广场商超齐全 压一付一 随时看房,1395,2室1厅1卫,付1押1,合租,南山,怡海广场,南山中心区,精装修,13.5平方米,朝南,低层(共18层),普通住宅,2019年6月12日,魏*,打败了74.2%的同城经纪人
租房立省2000元中信花园家电齐全 拎包入住 急租急租,2040,3室1厅1卫,付1押1,合租,南山,中信花园,白石洲,精装修,25.9平方米,朝东,中层(共16层),普通住宅,2019年6月12日,唐*,打败了68%的同城经纪人
租房立省2000元东港中心大厦全新家电给你个温馨的窝,2210,3室1厅1卫,付1押1,合租,罗湖,东港中心大厦,东门,精装修,23.1平方米,西北,高层(共20层),普通住宅,2019年6月12日,刘*,打败了68%的同城经纪人
立减2000招商雍景湾精装带家私押一付一免中介,2200,1室1厅1卫,付1押1,合租,南山,招商雍景湾,蛇口,精装修,18.8平方米,朝南,中层(共15层),普通住宅,2019年6月12日,刘*,打败了68%的同城经纪人
鹏城花园 免中芥费 近地铁 包宽带 出行方便 精装修拎包入住,1410,3室1厅1卫,付1押1,合租,罗湖,鹏城花园,布心,精装修,14.8平方米,东北,高层(共25层),普通住宅,2019年6月12日,刘*,打败了68%的同城经纪人
租房立省2000元大望苑出门就是地铁 精装带家私,1010,3室1厅1卫,付1押1,合租,罗湖,大望苑,布心,精装修,15平方米,东北,低层(共19层),普通住宅,2019年6月12日,刘*,打败了68%的同城经纪人
南头南头花园中南苑户型方正 采光充足朝向好 精装修配套齐全,1284,3室1厅1卫,付1押1,合租,南山,南头花园中南苑,南头,精装修,16.5平方米,东北,高层(共27层),普通住宅,2019年6月12日,罗**,打败了71.6%的同城经纪人
租房立省4000元中航天逸近地铁，环境优美，拎包入住,1920,3室1厅1卫,付1押1,合租,龙华,中航天逸,民治,精装修,24.4平方米,朝东,高层(共20层),普通住宅,2019年6月12日,刘*,打败了68%的同城经纪人
金穗居 朝南主卧 带飘窗独卫 配备齐全,1380,4室1厅1卫,付1押1,合租,罗湖,金穗居,草埔,精装修,14.7平方米,朝南,低层(共14层),普通住宅,2019年6月6日,刘*,打败了68%的同城经纪人
租房立省4000元桦润馨居精装好房 先到先得  月付,2080,3室1厅1卫,付1押1,合租,龙华,桦润馨居,龙华,精装修,16.7平方米,东北,中层(共25层),普通住宅,2019年6月12日,张**,打败了82.4%的同城经纪人
租房立省3000元公交集团宿舍精装全配房间精致且温馨,1000,3室1厅1卫,付1押1,合租,罗湖,公交集团宿舍,草埔,精装修,26.8平方米,东北,高层(共23层),普通住宅,2019年6月12日,刘*,打败了68%的同城经纪人
租房立省4000元鸿荣源壹成中心花园全新装修 品牌家电 看房,1480,3室1厅1卫,付1押1,合租,龙华,鸿荣源壹成中心花园,龙华,精装修,15.1平方米,朝南,低层(共17层),普通住宅,2019年6月12日,雷**,打败了71.6%的同城经纪人
租房立省4000元中航天逸正规三房 拎包入住 家电齐全,1880,3室1厅1卫,付1押1,合租,龙华,中航天逸,民治,精装修,23.1平方米,朝西,高层(共26层),普通住宅,2019年6月12日,刘*,打败了68%的同城经纪人
松岗繁华地段 精装修品质公寓 押一付一 24h售后服务,920,3室1厅1卫,付1押1,合租,宝安,松河瑞园,松岗,精装修,16.8平方米,朝南,高层(共25层),普通住宅,2019年6月12日,彭**,打败了77.2%的同城经纪人
租房立省2000元金晖大厦家电齐全 拎包入住 急租急租,1365,2室1厅1卫,付1押1,合租,南山,金晖大厦,南油,精装修,14.6平方米,朝北,高层(共22层),普通住宅,2019年6月12日,黄**,打败了68%的同城经纪人
租房立省2000元向西大厦商超齐全 压一付一 随时看房,1600,3室1厅1卫,付1押1,合租,罗湖,向西大厦,东门,精装修,15.8平方米,西北,中层(共15层),普通住宅,2019年6月12日,刘*,打败了68%的同城经纪人
租房立省3000元洪湖东岸精装带家电 出门公交车站,1550,3室1厅1卫,付1押1,合租,罗湖,洪湖东岸,翠竹,精装修,13平方米,东南,低层(共16层),普通住宅,2019年6月11日,刘*,打败了68%的同城经纪人
金安大厦 中间楼层 精装三房 环境舒适 业主直租,1643,1室1厅1卫,付1押1,合租,罗湖,金安大厦,东门,精装修,22.3平方米,东北,低层(共22层),普通住宅,2019年6月12日,刘*,打败了68%的同城经纪人
租房立省2000元好来居民水电 免中介 拎包入住,1500,3室1厅1卫,付1押1,合租,南山,好来居,南山中心区,精装修,16.5平方米,朝东,中层(共12层),普通住宅,2019年6月12日,罗**,打败了71.6%的同城经纪人
首月0元住宝安固戍中信可短租可月付押一付一,1460,3室1厅1卫,付1押1,合租,宝安,领航里程花园(中信领航城一期),领航城,精装修,15.1平方米,西北,低层(共17层),普通住宅,2019年6月12日,黄**,打败了68%的同城经纪人
租房立省4000元亿利达村精装全配房间精致且温馨,1410,3室1厅1卫,付1押1,合租,南山,亿利达村,南山中心区,精装修,14.1平方米,西南,中层(共18层),普通住宅,2019年6月12日,罗**,打败了84.3%的同城经纪人
租房立省4000元日出印象民水电 免中介 拎包入住,3000,3室1厅1卫,付1押1,合租,龙华,日出印象(B区),民治,精装修,18.7平方米,朝南,低层(共21层),普通住宅,2019年6月12日,刘*,打败了68%的同城经纪人
舒适的居住环境 光线通透 安静怡人 家电家具全新桃源村,2000,3室1厅1卫,付1押1,合租,南山,朗苑,桃源村,精装修,20.3平方米,朝西,低层(共21层),普通住宅,2019年6月12日,何*,打败了74.2%的同城经纪人
民乐翠园 刚退出来的房 可拎包入住干净卫生,1480,3室1厅1卫,付1押1,合租,龙华,民乐翠园小区,梅林关口,精装修,13.4平方米,朝北,中层(共16层),普通住宅,2019年6月12日,刘*,打败了68%的同城经纪人
爱联B区小区 紧邻地铁，押一付一 蛋壳公寓,1475,3室1厅1卫,付1押1,合租,龙岗,爱联B区小区,大运,精装修,20.5平方米,朝南,低层(共22层),普通住宅,2019年6月12日,苏**,打败了74.2%的同城经纪人
租房立省4000元民乐统建楼高层飘窗近地铁生活便利,830,3室1厅1卫,付1押1,合租,龙岗,民乐统建楼,坂田,精装修,13.9平方米,西南,低层(共15层),普通住宅,2019年6月12日,陈**,打败了84.3%的同城经纪人
租房立省3000元花半里别馆精装好房 先到先得  月付,1550,3室1厅1卫,付1押1,合租,罗湖,花半里别馆(翠山花半里),草埔,精装修,15平方米,东南,中层(共15层),普通住宅,2019年6月9日,何*,打败了74.2%的同城经纪人
龙华立省2000元银泉花园精装带家电 出门公交车站,2450,3室1厅1卫,付1押1,合租,龙华,银泉花园,龙华,精装修,20.1平方米,东南,中层(共16层),普通住宅,2019年6月12日,张*,打败了74.2%的同城经纪人
首月0元住固戍中信24管家服务高性价比大主卧等,2225,3室1厅1卫,付1押1,合租,宝安,领航里程花园(中信领航城一期),领航城,精装修,11.4平方米,朝南,中层(共11层),普通住宅,2019年6月12日,姜*,打败了77.2%的同城经纪人
首月0元住南山中心区现代城华庭可短租可月付楼层好停车位,1615,3室1厅1卫,付1押1,合租,南山,现代城华庭,南山中心区,精装修,16.2平方米,朝东,低层(共17层),普通住宅,2019年6月12日,居**,打败了68%的同城经纪人
松岗房屋干净整洁 精装修 家电齐全 宽敞明亮 布局大方,990,3室1厅1卫,付1押1,合租,宝安,御溪城,松岗,精装修,18平方米,朝北,中层(共17层),普通住宅,2019年6月12日,彭**,打败了77.2%的同城经纪人
立减2000新塘村三坊精装带家私押一付一免中介,1950,3室1厅1卫,付1押1,合租,南山,新塘村,白石洲,精装修,15.7平方米,西南,中层(共17层),普通住宅,2019年6月12日,刘*,打败了68%的同城经纪人
桃源村装修精致 采光明亮 房型大方宽敞 24h管家售后服务,1590,3室1厅1卫,付1押1,合租,南山,平福苑,大学城,精装修,17.8平方米,东北,中层(共16层),普通住宅,2019年6月12日,刘*,打败了68%的同城经纪人
首月0元住八卦岭笔架山花园家电齐全 拎包入住 急租急租,2090,3室1厅1卫,付1押1,合租,福田,乐山居,笔架山,精装修,13.3平方米,朝北,中层(共15层),普通住宅,2019年6月12日,刘*,打败了68%的同城经纪人
租房立省4000元甲岸花园全新装修 品牌家电 看房随时,2615,2室1厅1卫,付1押1,合租,宝安,甲岸花园,新安,精装修,15.3平方米,朝北,高层(共21层),普通住宅,2019年6月12日,林*,打败了71.6%的同城经纪人
租房立省4000元桃苑公寓出门就是地铁 精装带家私,1225,3室1厅1卫,付1押1,合租,南山,桃苑公寓,南山医院,精装修,14.1平方米,朝南,低层(共17层),普通住宅,2019年6月12日,刘*,打败了68%的同城经纪人
立减2000 梅林海关生活区 精装 押一付一 免中介,2190,3室1厅1卫,付1押1,合租,福田,梅林海关生活区,莲花一村,精装修,22.9平方米,西南,高层(共19层),普通住宅,2019年6月12日,刘*,打败了68%的同城经纪人
新秀村 限量特价房 月付可短租 独卫 限时抢租！,2550,3室1厅1卫,付1押1,合租,罗湖,新秀村(南区),黄贝岭,精装修,17平方米,朝南,高层(共22层),普通住宅,2019年6月12日,刘*,打败了68%的同城经纪人
租房立省4000元金地上塘道精装好房 先到先得  月付,2500,3室1厅1卫,付1押1,合租,龙华,金地上塘道(一期),龙华,精装修,23平方米,朝北,中层(共17层),普通住宅,2019年6月12日,刘**,打败了71.6%的同城经纪人
首月0元住固戍万象新天香格丽湾园2375可短租押一付一管,2375,3室1厅1卫,付1押1,合租,宝安,万象新天三期,固戍,精装修,16.7平方米,朝北,低层(共20层),普通住宅,2019年6月12日,姜*,打败了77.2%的同城经纪人
首月0元住清湖美丽365花园可短租可月付24管家服务,1960,3室1厅1卫,付1押1,合租,龙华,美丽365花园,美丽365花园,精装修,18.7平方米,西北,低层(共19层),普通住宅,2019年6月12日,陈**,打败了88%的同城经纪人
立减2000星河锦居精装带家私押一付一免中介,1620,3室1厅1卫,付1押1,合租,福田,星河锦居,沙尾,精装修,16.2平方米,西北,中层(共18层),普通住宅,2019年6月12日,刘*,打败了68%的同城经纪人
国兴苑 免中芥费 近地铁 包宽带 出行方便 精装修拎包入住,1942,3室1厅1卫,付1押1,合租,南山,国兴苑,前海,精装修,21平方米,朝西,高层(共20层),普通住宅,2019年6月12日,刘*,打败了68%的同城经纪人
租房立省3000元莲花一村独卫带阳台 家电齐全 无中介,2200,3室1厅1卫,付1押1,合租,福田,莲花一村,莲花一村,精装修,22.3平方米,朝南,高层(共24层),普通住宅,2019年6月12日,陈**,打败了84.3%的同城经纪人
首月0元住新安晶美花园2260可短租可月付,2260,3室1厅1卫,付1押1,合租,宝安,晶美花园,宝安中心区,精装修,16.2平方米,朝北,中层(共11层),普通住宅,2019年6月12日,段**,打败了74.2%的同城经纪人
首月0元住蔡屋围怡正发大厦家电齐全 拎包入住 急租急租,2030,3室1厅1卫,付1押1,合租,罗湖,怡正发大厦,布心,精装修,12.7平方米,朝北,中层(共17层),普通住宅,2019年6月12日,刘*,打败了68%的同城经纪人
租房立省3000元沙尾西村白领公寓 实墙隔音好 家具齐全,2550,3室1厅1卫,付1押1,合租,福田,沙尾西村,沙尾,精装修,23.4平方米,东南,低层(共27层),普通住宅,2019年6月12日,刘*,打败了68%的同城经纪人
中银花园 三房合租 男女不限 从事正当职业 干净卫生,2300,3室1厅1卫,付1押1,合租,福田,中银花园,福田中心,精装修,19.7平方米,西北,低层(共22层),普通住宅,2019年6月12日,刘*,打败了68%的同城经纪人
南头南侨花园视野广阔 采光好 空气质量好 车位充足,1755,3室1厅1卫,付1押1,合租,南山,南侨花园,南山医院,精装修,10.1平方米,东北,中层(共14层),普通住宅,2019年6月12日,罗**,打败了71.6%的同城经纪人
租房立省3000元西湖花园精装带家电 出门公交车站,1550,3室1厅1卫,付1押1,合租,罗湖,西湖花园,笋岗,精装修,13平方米,朝南,低层(共16层),普通住宅,2019年6月11日,王**,打败了96.2%的同城经纪人
租房立省4000元鸿荣源壹成中心花园精装带家电 出门公交车站,1070,3室1厅1卫,付1押1,合租,龙华,鸿荣源壹成中心花园,龙华,精装修,13.1平方米,朝南,低层(共15层),普通住宅,2019年6月12日,何*,打败了74.2%的同城经纪人
租房立省4000元怡和楼精装好房 先到先得  月付,2850,3室1厅1卫,付1押1,合租,福田,怡和楼,上沙,精装修,13.8平方米,朝南,高层(共21层),普通住宅,2019年6月10日,刘*,打败了68%的同城经纪人
租房立省3000元碧荔花园全新家电给你个温馨的窝,2360,3室1厅1卫,付1押1,合租,福田,碧荔花园,下梅林,精装修,14.3平方米,朝南,低层(共16层),普通住宅,2019年6月12日,刘*,打败了68%的同城经纪人
租房立省4000元桦润馨居全新装修 品牌家电 看房随时,2190,3室1厅1卫,付1押1,合租,龙华,桦润馨居,龙华,精装修,14.4平方米,朝南,低层(共14层),普通住宅,2019年6月12日,张**,打败了82.4%的同城经纪人
首月0元住岗厦皇洲花园可短租可月付24管家服务,2490,3室1厅1卫,付1押1,合租,福田,皇洲花园,福华新村,精装修,14.7平方米,东北,高层(共20层),普通住宅,2019年6月12日,许**,打败了71.6%的同城经纪人
租房立省4000元鸿荣源壹成中心花园家电齐全 拎包入住 急租,1200,3室1厅1卫,付1押1,合租,龙华,鸿荣源壹成中心花园,龙华,精装修,12.9平方米,朝东,高层(共30层),普通住宅,2019年6月12日,何*,打败了74.2%的同城经纪人
立减2000元盛兴苑精装带家私押一付一免中介,1680,3室1厅1卫,付1押1,合租,福田,元盛兴苑,沙尾,精装修,15平方米,西南,低层(共9层),普通住宅,2019年6月12日,刘*,打败了68%的同城经纪人
大冲新城花园 合租3房，高层，视野开阔，家具全齐,1820,3室1厅1卫,付1押1,合租,南山,大冲新城花园,大冲,精装修,17.1平方米,朝东,中层(共22层),普通住宅,2019年6月12日,刘*,打败了68%的同城经纪人
租房立省4000元星河盛世近地铁，环境优美，拎包入住,1010,3室1厅1卫,付1押1,合租,龙华,星河盛世,民治,精装修,23.9平方米,朝东,中层(共26层),普通住宅,2019年6月12日,陆*,打败了71.6%的同城经纪人
租房立省3000元沙尾西村月付 包物业费网费 无中介,1840,3室1厅1卫,付1押1,合租,福田,沙尾西村,沙尾,精装修,17.7平方米,西北,低层(共20层),普通住宅,2019年6月12日,刘*,打败了68%的同城经纪人
首月0元住红山日出印象可短租可月付押一付一领包入住,1490,3室1厅1卫,付1押1,合租,龙华,日出印象(B区),民治,精装修,16.2平方米,西北,中层(共14层),普通住宅,2019年6月12日,黄**,打败了68%的同城经纪人
首月0元住固戍中信可短租可月付押一付一领包入住,1390,3室1厅1卫,付1押1,合租,宝安,领航里程花园(中信领航城一期),领航城,精装修,12.8平方米,朝北,低层(共15层),普通住宅,2019年6月12日,黄**,打败了68%的同城经纪人
金竹园 三房合租 男女不限 从事正当职业 干净卫生,1900,1室1厅1卫,付1押1,合租,南山,金竹园,蛇口,精装修,15.3平方米,西北,低层(共17层),普通住宅,2019年6月12日,刘*,打败了68%的同城经纪人
租房立省2000元金豪花园精装带家电 出门公交车站,1250,3室1厅1卫,付1押1,合租,罗湖,金豪花园,笋岗,精装修,15.7平方米,东北,中层(共23层),普通住宅,2019年6月10日,张**,打败了82.4%的同城经纪人
租房立省4000元书香门第名苑近地铁，环境优美，拎包入住,920,3室1厅1卫,付1押1,合租,龙华,书香门第名苑(书香门第一期),龙华,精装修,11.8平方米,东南,中层(共13层),普通住宅,2019年6月12日,陈**,打败了84.3%的同城经纪人
租房立省4000元伽乐园精装好房 先到先得  月付,2160,3室1厅1卫,付1押1,合租,龙华,伽乐园,民治,精装修,20平方米,朝东,低层(共23层),普通住宅,2019年6月12日,杨**,打败了77.2%的同城经纪人
首月0元住清湖地铁口美丽365花园1830可短租押一付一,1830,3室1厅1卫,付1押1,合租,龙华,美丽365花园,美丽365花园,精装修,16.5平方米,朝北,低层(共17层),普通住宅,2019年6月12日,陈**,打败了88%的同城经纪人
龙岗  户型1室 蛋壳公寓 免中介 拎包入住,2550,1室1厅1卫,付1押1,合租,布吉,京南华庭,布吉街,精装修,13.9平方米,东南,低层(共14层),普通住宅,2019年6月12日,李**,打败了74.2%的同城经纪人
租房立省3000元城中雅苑精装带家电 出门公交车站,2550,3室1厅1卫,付1押1,合租,福田,城中雅苑,福田中心,精装修,25.8平方米,朝北,低层(共30层),普通住宅,2019年6月12日,刘*,打败了68%的同城经纪人
租房立省3000元彩虹楼高层飘窗近地铁生活便利,1550,3室1厅1卫,付1押1,合租,罗湖,彩虹楼,笋岗,精装修,11平方米,朝西,低层(共14层),普通住宅,2019年6月11日,王**,打败了96.2%的同城经纪人
精装一房，采光充足，家私家电齐全温馨舒适，干净整洁近侨香站,5200,1室1厅1卫,付1押2,整租,福田,香蜜时代,香蜜湖,精装修,40平方米,朝南,低层(共35层),普通住宅,2019年6月12日,陈**,打败了21%的同城经纪人
龙华立省2000元中环花园全新家电给你个温馨的窝,2500,3室1厅1卫,付1押1,合租,龙华,中环花园,龙华,精装修,28.9平方米,西北,低层(共29层),普通住宅,2019年6月12日,张*,打败了74.2%的同城经纪人
新天地名居 可短租，精装修3房2厅，拎包住,1830,3室1厅1卫,付1押1,合租,罗湖,新天地名居,黄贝岭,精装修,15.4平方米,东北,低层(共18层),普通住宅,2019年6月12日,刘*,打败了68%的同城经纪人
首月0元住固戍塘东光电大厦2000可短租可月付押一付一,2001,3室1厅1卫,付1押1,合租,宝安,塘东光电大厦,领航城,精装修,11.8平方米,西北,低层(共14层),普通住宅,2019年6月12日,黄**,打败了68%的同城经纪人
租房立省4000元45区综合楼精装带家电 出门公交车站,2685,2室1厅1卫,付1押1,合租,宝安,45区综合楼,新安,精装修,15.9平方米,西北,低层(共18层),普通住宅,2019年6月12日,林*,打败了71.6%的同城经纪人
立减2000振兴精装带家私押一付一免中介,2250,1室1厅1卫,付1押1,合租,南山,振兴小区,蛇口,精装修,20.8平方米,朝北,低层(共22层),普通住宅,2019年6月12日,刘*,打败了68%的同城经纪人
半岛城邦 刚退出来的房 可拎包入住干净卫生,2200,1室1厅1卫,付1押1,合租,南山,半岛城邦(一期),蛇口,精装修,22.8平方米,西南,低层(共27层),普通住宅,2019年6月12日,刘*,打败了68%的同城经纪人
首月0元住新安新锦安雅园2190可短租可月付,2190,3室1厅1卫,付1押1,合租,宝安,新锦安雅园,宝安中心区,精装修,15.5平方米,东北,高层(共25层),普通住宅,2019年6月12日,段**,打败了74.2%的同城经纪人
租房立省4000元前海时代押一付一 精装公寓 无中介,1955,2室1厅1卫,付1押1,合租,南山,前海时代,前海,精装修,16.5平方米,朝南,低层(共16层),普通住宅,2019年6月12日,居**,打败了68%的同城经纪人
集信名城超出租3室2厅 家具家电齐全 交通便利,1770,3室1厅1卫,付1押1,合租,宝安,景湖家园,松岗,精装修,15.3平方米,西南,高层(共20层),普通住宅,2019年6月12日,胡*,打败了77.2%的同城经纪人
租房立省3000元洪湖东岸精装带家电 出门公交车站,1550,3室1厅1卫,付1押1,合租,罗湖,洪湖东岸,翠竹,精装修,13平方米,东南,低层(共16层),普通住宅,2019年6月11日,刘*,打败了68%的同城经纪人
租房立省4000元荔园大厦近地铁，环境优美，拎包入住,1405,3室1厅1卫,付1押1,合租,南山,荔园大厦,南山中心区,精装修,16.5平方米,朝南,高层(共21层),普通住宅,2019年6月12日,罗**,打败了84.3%的同城经纪人
租房立省2000元美庐锦园套房直租随时看免中介商超齐全,2020,3室1厅1卫,付1押1,合租,南山,美庐锦园,白石洲,精装修,19.6平方米,西北,高层(共20层),普通住宅,2019年6月12日,唐*,打败了68%的同城经纪人
租房立省2000元白石洲建行宿舍家电齐全 拎包入住 急租急租,2040,3室1厅1卫,付1押1,合租,南山,白石洲建行宿舍,白石洲,精装修,21.3平方米,东南,高层(共20层),普通住宅,2019年6月12日,唐*,打败了68%的同城经纪人
立减2000招商雍景湾精装带家私押一付一免中介,2200,1室1厅1卫,付1押1,合租,南山,招商雍景湾,蛇口,精装修,18.8平方米,朝南,中层(共15层),普通住宅,2019年6月12日,刘*,打败了68%的同城经纪人
松岗花园式小区 交通便利 全新家电 房源直租 精装,850,3室1厅1卫,付1押1,合租,宝安,温馨雅苑,松岗,精装修,17.9平方米,朝北,中层(共15层),普通住宅,2019年6月12日,彭**,打败了77.2%的同城经纪人
首月0元住红山汇龙湾24管家服务高性价比大主卧等,1560,3室1厅1卫,付1押1,合租,龙华,汇龙湾花园,龙华,精装修,14.7平方米,西北,低层(共9层),普通住宅,2019年6月12日,居**,打败了68%的同城经纪人
莲丰大厦 高立减3000 紧邻地铁 家具全新,2200,3室1厅1卫,付1押1,合租,福田,莲丰大厦,彩田村,精装修,23平方米,朝南,低层(共25层),普通住宅,2019年6月12日,陈**,打败了84.3%的同城经纪人
租房立省4000元鸿荣源壹成中心花园月付 包物业费网费 无中,1060,3室1厅1卫,付1押1,合租,龙华,鸿荣源壹成中心花园,龙华,精装修,12.8平方米,朝东,低层(共14层),普通住宅,2019年6月12日,何*,打败了74.2%的同城经纪人
租房立省4000元蓬莱花园商超齐全 压一付一 随时看房,1265,3室1厅1卫,付1押1,合租,南山,蓬莱花园,后海,精装修,16.2平方米,朝北,低层(共18层),普通住宅,2019年6月12日,倪*,打败了95.5%的同城经纪人
租房立省4000元海欣花园包物业包网费 无中介,1550,3室1厅1卫,付1押1,合租,南山,海欣花园,蛇口,精装修,14.9平方米,朝南,低层(共19层),普通住宅,2019年6月12日,于*,打败了65.5%的同城经纪人
首月0元住桃源村桃源村二期可短租可月付楼层好停车位充足,1990,3室1厅1卫,付1押1,合租,南山,桃源村(二期),桃源村,精装修,14.7平方米,西北,低层(共16层),普通住宅,2019年6月12日,何*,打败了74.2%的同城经纪人
租房立省4000元鑫竹苑精装好房 先到先得  月付,2250,3室1厅1卫,付1押1,合租,福田,鑫竹苑,竹子林,精装修,12.4平方米,朝东,低层(共15层),普通住宅,2019年6月10日,刘*,打败了68%的同城经纪人
租房立省4000元安泰花园包物业包网费 精装小区房 无中介,2540,1室1厅1卫,付1押1,合租,宝安,安泰花园,西乡,精装修,26.6平方米,朝东,中层(共13层),普通住宅,2019年6月12日,刘*,打败了71.6%的同城经纪人
丰泽湖山庄，地铁口，豪华装修，直接拎包入住,1420,3室1厅1卫,付1押1,合租,龙华,丰泽湖山庄,梅林关口,精装修,14.4平方米,朝北,高层(共22层),普通住宅,2019年6月12日,刘*,打败了68%的同城经纪人
租房立省4000元缤纷世界精装全配房间精致且温馨,990,3室1厅1卫,付1押1,合租,宝安,缤纷世界,西乡,精装修,16.1平方米,西北,低层(共18层),普通住宅,2019年6月12日,刘*,打败了68%的同城经纪人
立减2000龙泰轩精装带家私押一付一免中介,1780,4室1厅1卫,付1押1,合租,南山,龙泰轩,南山中心区,精装修,11.6平方米,朝南,中层(共24层),普通住宅,2019年6月12日,刘*,打败了68%的同城经纪人
租房立省4000元海景花园月付 包物业费网费 无中介,2140,2室1厅1卫,付1押1,合租,宝安,海景花园,宝安中心区,精装修,16.4平方米,东南,高层(共23层),普通住宅,2019年6月12日,刘**,打败了77.2%的同城经纪人
租房立省3000元新沙苑白领公寓 实墙隔音好 家具齐全,2550,3室1厅1卫,付1押1,合租,福田,新沙苑,购物公园,精装修,27.4平方米,西南,低层(共31层),普通住宅,2019年6月11日,刘*,打败了68%的同城经纪人
龙华立省2000元福顺居近地铁，环境优美，拎包入住,2010,3室1厅1卫,付1押1,合租,龙华,福顺居,龙华,精装修,22.1平方米,朝东,低层(共26层),普通住宅,2019年6月12日,赖**,打败了71.6%的同城经纪人
龙光玖龙玺 免中芥费 近地铁 包宽带 出行方便 精装修拎包入,1310,3室1厅1卫,付1押1,合租,龙华,龙光玖龙玺,梅林关口,精装修,12.2平方米,东南,高层(共20层),普通住宅,2019年6月12日,刘*,打败了68%的同城经纪人
首月0元住购物公园新光活力小区精装好房 先到先得 月付,2550,3室1厅1卫,付1押1,合租,福田,新光活力小区,中心区,精装修,17.9平方米,西北,低层(共20层),普通住宅,2019年6月12日,刘*,打败了68%的同城经纪人
租房立省4000元华府苑全新装修 品牌家电 看房随时,1710,2室1厅1卫,付1押1,合租,南山,华府苑,前海,精装修,16.1平方米,西北,低层(共18层),普通住宅,2019年6月12日,徐*,打败了79.9%的同城经纪人
停车方便 户型方正 采光足 精装全齐拎包即住松岗,810,3室1厅1卫,付1押1,合租,宝安,温馨雅苑,松岗,精装修,13.4平方米,朝南,低层(共9层),普通住宅,2019年6月12日,彭**,打败了77.2%的同城经纪人
租房立省4000元耀荣园民水电 免中介 拎包入住,2405,3室1厅1卫,付1押1,合租,福田,耀荣园,香蜜湖,精装修,11.2平方米,西北,低层(共13层),普通住宅,2019年6月12日,王**,打败了71.6%的同城经纪人
租房立省4000元名居绿海名居精装好房 先到先得  月付,965,3室1厅1卫,付1押1,合租,宝安,名居绿海名居,西乡,精装修,14.3平方米,东南,低层(共16层),普通住宅,2019年6月12日,刘*,打败了68%的同城经纪人
租房立省4000元美丽AAA花园套房直租随时看免中介商超齐全,2380,2室1厅1卫,付1押1,合租,龙华,美丽AAA花园,龙华中心区,精装修,14平方米,朝东,高层(共22层),普通住宅,2019年6月12日,李**,打败了82.4%的同城经纪人
立减2000豪方悠然居精装带家私押一付一免中介,2200,1室1厅1卫,付1押1,合租,南山,豪方悠然居,蛇口,精装修,21.8平方米,朝西,低层(共23层),普通住宅,2019年6月12日,刘*,打败了68%的同城经纪人
租房立省2000元铁路生活小区全新装修 品牌家电 看房随时,1250,3室1厅1卫,付1押1,合租,罗湖,铁路生活小区,笋岗,精装修,10.8平方米,东南,低层(共25层),普通住宅,2019年6月10日,张**,打败了82.4%的同城经纪人
租房立省4000元美丽AAA花园家电齐全 拎包入住 急租急租,2305,2室1厅1卫,付1押1,合租,龙华,美丽AAA花园,龙华中心区,精装修,14.7平方米,东北,高层(共23层),普通住宅,2019年6月12日,陈*,打败了96.2%的同城经纪人
南头常兴苑正规小区 安全放心 户型方正 采光足,1306,3室1厅1卫,付1押1,合租,南山,常兴苑,南头,精装修,16.3平方米,朝北,中层(共25层),普通住宅,2019年6月12日,白*,打败了88%的同城经纪人
半岛城邦 刚退出来的房 可拎包入住干净卫生,2200,1室1厅1卫,付1押1,合租,南山,半岛城邦(一期),蛇口,精装修,22.8平方米,西南,低层(共27层),普通住宅,2019年6月12日,刘*,打败了68%的同城经纪人
租房立省3000元莱蒙水榭春天家电齐全 拎包入住 急租急租,910,3室1厅1卫,付1押1,合租,龙华,莱蒙水榭春天一二三期,莱蒙水榭春天,精装修,15.3平方米,朝北,中层(共14层),普通住宅,2019年6月12日,刘*,打败了68%的同城经纪人
租房立省2000元中兴公寓精装带家电 出门公交车站,1465,2室1厅1卫,付1押1,合租,南山,中兴公寓,南油,精装修,16.1平方米,朝南,低层(共17层),普通住宅,2019年6月12日,黄**,打败了68%的同城经纪人
租房立省2000元白石洲建行宿舍家电齐全 拎包入住 急租急租,2040,3室1厅1卫,付1押1,合租,南山,白石洲建行宿舍,白石洲,精装修,21.3平方米,东南,高层(共20层),普通住宅,2019年6月12日,唐*,打败了68%的同城经纪人
租房立省3000元禧悦公寓套房直租随时看免中介商超齐全,1550,3室1厅1卫,付1押1,合租,罗湖,禧悦公寓,笋岗,精装修,14.9平方米,西北,低层(共18层),普通住宅,2019年6月11日,王**,打败了96.2%的同城经纪人
租房立省4000元星河传奇押一付一 精装公寓 无中介,2750,3室1厅1卫,付1押1,合租,龙华,星河传奇,民治,精装修,25.1平方米,东南,中层(共13层),普通住宅,2019年6月12日,刘*,打败了68%的同城经纪人
租房立省3000元合兴苑精装带家电 出门公交车站,920,3室1厅1卫,付1押1,合租,龙华,合兴苑,大浪,精装修,15.1平方米,西北,高层(共19层),普通住宅,2019年6月12日,刘*,打败了68%的同城经纪人
首月0元住岗厦皇洲花园月付 包物业费网费 无中介,2130,3室1厅1卫,付1押1,合租,福田,皇洲花园,福华新村,精装修,14.3平方米,东北,中层(共15层),普通住宅,2019年6月12日,刘*,打败了68%的同城经纪人
首月0元住水贝铁路生活小区精装带家电 出门公交车站,1590,3室1厅1卫,付1押1,合租,罗湖,铁路生活小区,笋岗,精装修,14平方米,朝北,中层(共14层),普通住宅,2019年6月12日,刘*,打败了68%的同城经纪人
租房立省4000元日出印象精装好房 先到先得  月付,1860,3室1厅1卫,付1押1,合租,龙华,日出印象(B区),民治,精装修,26.9平方米,朝西,低层(共29层),普通住宅,2019年6月12日,刘*,打败了68%的同城经纪人
首月0元住南山南山中心区现代城华庭可短租可月付押一付一,1480,3室1厅1卫,付1押1,合租,南山,现代城华庭,南山中心区,精装修,16.3平方米,东北,低层(共18层),普通住宅,2019年6月12日,韩**,打败了74.2%的同城经纪人
租房立省2000元鸿荣源禧园商超齐全 压一付一 随时看房,1741,3室1厅1卫,付1押1,合租,宝安,鸿荣源禧园,沙井,精装修,13.7平方米,东北,中层(共16层),普通住宅,2019年6月12日,朱*,打败了71.6%的同城经纪人
首月0元住固戍中信可短租高性价比大主卧等,1390,3室1厅1卫,付1押1,合租,宝安,领航里程花园(中信领航城一期),领航城,精装修,17.8平方米,西北,低层(共21层),普通住宅,2019年6月12日,黄**,打败了68%的同城经纪人
白石龙一区 可短租，精装修3房2厅，拎包住,1450,3室1厅1卫,付1押1,合租,龙华,白石龙一区,梅林关口,精装修,15平方米,西南,中层(共18层),普通住宅,2019年6月12日,刘*,打败了68%的同城经纪人
租房立省2000元金晖大厦家电齐全 拎包入住 急租急租,1365,2室1厅1卫,付1押1,合租,南山,金晖大厦,南油,精装修,14.6平方米,朝北,高层(共22层),普通住宅,2019年6月12日,黄**,打败了68%的同城经纪人
龙华立省2000元鹏华香域花园高层采光视野好 交通生活便利,2060,3室1厅1卫,付1押1,合租,龙华,鹏华香域花园,大浪,精装修,19.2平方米,东南,高层(共20层),普通住宅,2019年6月12日,赖**,打败了71.6%的同城经纪人
首月0元住固戍万象新天香格丽湾园2375可短租押一付一管,2375,3室1厅1卫,付1押1,合租,宝安,万象新天三期,固戍,精装修,16.7平方米,朝北,低层(共20层),普通住宅,2019年6月12日,姜*,打败了77.2%的同城经纪人
首月0元住水贝新港鸿花园高档花园小区家私齐全,1250,3室1厅1卫,付1押1,合租,罗湖,新港鸿花园,翠竹,精装修,15.5平方米,朝南,低层(共18层),普通住宅,2019年6月11日,张**,打败了82.4%的同城经纪人
首月0元住水贝铁路生活小区全新家电给你个温馨的窝,1250,3室1厅1卫,付1押1,合租,罗湖,铁路生活小区,笋岗,精装修,17.6平方米,朝南,低层(共21层),普通住宅,2019年6月11日,张**,打败了82.4%的同城经纪人
租房立省4000元金碧世家精装好房 先到先得  月付,1080,3室1厅1卫,付1押1,合租,龙华,金碧世家,龙华,精装修,14.1平方米,朝东,中层(共12层),普通住宅,2019年6月12日,何*,打败了74.2%的同城经纪人
租房立省4000元优品建筑家电齐全 拎包入住 急租急租,2090,3室1厅1卫,付1押1,合租,龙华,优品建筑,龙华,精装修,16.4平方米,朝东,中层(共22层),普通住宅,2019年6月12日,张**,打败了82.4%的同城经纪人
租房立省4000元星源雅苑近地铁，环境优美，拎包入住,980,3室1厅1卫,付1押1,合租,宝安,星源雅苑,沙井,精装修,15.3平方米,朝东,中层(共17层),普通住宅,2019年6月12日,刘*,打败了68%的同城经纪人
租房立省2000元怡海花园家电齐全 拎包入住 急租急租,1480,2室1厅1卫,付1押1,合租,南山,怡海花园,南油,精装修,14.6平方米,东南,中层(共17层),普通住宅,2019年6月12日,黄**,打败了68%的同城经纪人
租房立省4000元日出印象民水电 免中介 拎包入住,3000,3室1厅1卫,付1押1,合租,龙华,日出印象(B区),民治,精装修,18.7平方米,朝南,低层(共21层),普通住宅,2019年6月12日,刘*,打败了68%的同城经纪人
租房立省3000元笋岗派出所宿舍区高层飘窗近地铁生活便利,1550,3室1厅1卫,付1押1,合租,罗湖,笋岗派出所宿舍区,笋岗,精装修,13.8平方米,朝北,低层(共17层),普通住宅,2019年6月10日,王**,打败了96.2%的同城经纪人
租房立省4000元槟城西岸华庭包物业包网费 精装小区房 无中,2810,1室1厅1卫,付1押1,合租,宝安,槟城西岸华庭,西乡,精装修,28.7平方米,朝东,高层(共24层),普通住宅,2019年6月12日,刘*,打败了71.6%的同城经纪人
租房立省4000元兴裕花园包物业包网费 精装小区房 无中介,2610,1室1厅1卫,付1押1,合租,宝安,兴裕花园,固戍,精装修,27.2平方米,朝南,高层(共23层),普通住宅,2019年6月12日,刘*,打败了71.6%的同城经纪人
南头华府苑视野广阔 采光好 空气质量好 车位充足,1526,3室1厅1卫,付1押1,合租,南山,华府苑,前海,精装修,24.5平方米,东北,低层(共23层),普通住宅,2019年6月12日,罗**,打败了71.6%的同城经纪人
高铁北站旁 五和地铁站 带电梯 包水电费 包空调,790,3室2厅1卫,付1押1,合租,龙岗,长坑小区,坂田,精装修,18平方米,朝南,低层(共16层),普通住宅,2019年6月9日,龙*,打败了68%的同城经纪人
租房立省3000元岭秀名苑高层飘窗近地铁生活便利,2200,3室1厅1卫,付1押1,合租,福田,岭秀名苑,彩田村,精装修,23.8平方米,朝南,低层(共27层),普通住宅,2019年6月12日,陈**,打败了84.3%的同城经纪人
租房立省4000元中兴之家高档花园小区家私齐全,1569,3室1厅1卫,付1押1,合租,南山,中兴之家,南山中心区,精装修,19平方米,朝北,低层(共23层),普通住宅,2019年6月12日,刘*,打败了68%的同城经纪人
租房立省4000元波托菲诺纯水岸正规三房 拎包入住 家电齐全,1288,3室1厅1卫,付1押1,合租,南山,波托菲诺纯水岸(二期),华侨城,精装修,18.3平方米,东南,低层(共21层),普通住宅,2019年6月12日,夏**,打败了77.2%的同城经纪人
租房立省2000元祥祺花园家电齐全 拎包入住 急租急租,2100,3室1厅1卫,付1押1,合租,南山,祥祺花园,白石洲,精装修,20.9平方米,东北,中层(共14层),普通住宅,2019年6月12日,唐*,打败了68%的同城经纪人
租房立省3000元莲花一村独卫带阳台 家电齐全 无中介,2200,3室1厅1卫,付1押1,合租,福田,莲花一村,莲花一村,精装修,22.3平方米,朝南,高层(共24层),普通住宅,2019年6月12日,陈**,打败了84.3%的同城经纪人
租房立省4000元新一代国际公寓精装全配房间精致且温馨,1255,2室1厅1卫,付1押1,合租,南山,新一代国际公寓,南油,精装修,14.1平方米,东南,中层(共12层),普通住宅,2019年6月12日,魏*,打败了74.2%的同城经纪人
首月0元住桃园苏豪名厦可短租可月付24管家服务,1700,3室1厅1卫,付1押1,合租,南山,苏豪名厦,南头,精装修,18.5平方米,东北,低层(共19层),普通住宅,2019年6月12日,居**,打败了68%的同城经纪人
租房立省4000元深航飞行员公寓月付 包物业费网费 无中介,1255,3室1厅1卫,付1押1,合租,南山,深航飞行员公寓,南山中心区,精装修,14.7平方米,朝北,低层(共17层),普通住宅,2019年6月12日,刘*,打败了68%的同城经纪人
租房立省3000元金碧世家押一付一 精装公寓 无中介,930,3室1厅1卫,付1押1,合租,龙华,金碧世家,龙华,精装修,11.6平方米,东北,低层(共8层),普通住宅,2019年6月12日,刘*,打败了68%的同城经纪人
租房立省3000元彩虹楼高层飘窗近地铁生活便利,1550,3室1厅1卫,付1押1,合租,罗湖,彩虹楼,笋岗,精装修,11平方米,朝西,低层(共14层),普通住宅,2019年6月11日,王**,打败了96.2%的同城经纪人
租房立省4000元金地上塘道精装好房 先到先得  月付,2500,3室1厅1卫,付1押1,合租,龙华,金地上塘道(一期),龙华,精装修,23平方米,朝北,中层(共17层),普通住宅,2019年6月12日,刘**,打败了71.6%的同城经纪人
租房立省4000元东方海雅居高层采光视野好 交通生活便利,1340,2室1厅1卫,付1押1,合租,南山,东方海雅居,南油,精装修,14.1平方米,东南,中层(共18层),普通住宅,2019年6月12日,魏*,打败了74.2%的同城经纪人
租房立省4000元鸿荣源壹成中心花园家电齐全 拎包入住 急租,1200,3室1厅1卫,付1押1,合租,龙华,鸿荣源壹成中心花园,龙华,精装修,12.9平方米,朝东,高层(共30层),普通住宅,2019年6月12日,何*,打败了74.2%的同城经纪人
首月0元住后海保利城花园1730可短租可月付,1730,2室1厅1卫,付1押1,合租,南山,保利城花园,南山中心区,精装修,15.2平方米,东北,低层(共16层),普通住宅,2019年6月12日,刘*,打败了68%的同城经纪人
首月0元住宝安固戍中信可短租可月付押一付一,2200,3室1厅1卫,付1押1,合租,宝安,领航里程花园(中信领航城一期),领航城,精装修,18.7平方米,朝南,低层(共19层),普通住宅,2019年6月12日,姜*,打败了77.2%的同城经纪人
租房立省3000元幸福里商超齐全 压一付一 随时看房,1970,3室1厅1卫,付1押1,合租,罗湖,幸福里,蔡屋围,精装修,13.8平方米,朝东,低层(共17层),普通住宅,2019年6月12日,刘*,打败了68%的同城经纪人
租房立省4000元波托菲诺纯水岸正规三房 拎包入住 家电齐全,1288,3室1厅1卫,付1押1,合租,南山,波托菲诺纯水岸(二期),华侨城,精装修,18.3平方米,东南,低层(共21层),普通住宅,2019年6月12日,夏**,打败了77.2%的同城经纪人
首月0元住布心彩世界家园全新装修 品牌家电 看房随时,1690,3室1厅1卫,付1押1,合租,罗湖,彩世界家园,布心,精装修,11.2平方米,东南,低层(共8层),普通住宅,2019年6月12日,刘*,打败了68%的同城经纪人
租房立省4000元新乐社区月付 包物业费网费 无中介,2145,2室1厅1卫,付1押1,合租,宝安,新乐社区,宝安中心区,精装修,13.7平方米,西北,低层(共16层),普通住宅,2019年6月12日,刘**,打败了77.2%的同城经纪人
租房立省4000元鸿荣源壹成中心花园精装好房 先到先得  月,1350,3室1厅1卫,付1押1,合租,龙华,鸿荣源壹成中心花园,龙华,精装修,13平方米,东北,低层(共14层),普通住宅,2019年6月12日,雷**,打败了71.6%的同城经纪人
租房立省3000元怡兴苑出门就是地铁 精装带家私,1350,3室1厅1卫,付1押1,合租,福田,怡兴苑,赤尾,精装修,14.4平方米,西南,中层(共15层),普通住宅,2019年6月1日,陈**,打败了84.3%的同城经纪人
首月0元住黄贝岭集浩大厦近地铁，环境优美，拎包入住,1550,3室1厅1卫,付1押1,合租,罗湖,集浩大厦,罗湖区委,精装修,12.6平方米,朝东,低层(共16层),普通住宅,2019年6月10日,李*,打败了94.7%的同城经纪人
高端住宅小区 楼层好 视野广阔 采光好 押一付一梅林关口,1740,3室1厅1卫,付1押1,合租,龙华,悦景苑,梅林关口,精装修,17.9平方米,朝东,高层(共23层),普通住宅,2019年6月12日,刘*,打败了71.6%的同城经纪人
租房立省4000元福安小区精装好房 先到先得  月付,2174,2室1厅1卫,付1押1,合租,宝安,福安小区,宝安,精装修,15.9平方米,东北,低层(共17层),普通住宅,2019年6月12日,鲜**,打败了65.5%的同城经纪人
租房立省3000元福荣阁独卫带阳台 家电齐全 无中介,2550,3室1厅1卫,付1押1,合租,福田,福荣阁,福民新村,精装修,22.2平方米,朝东,低层(共23层),普通住宅,2019年6月12日,刘*,打败了68%的同城经纪人
租房立省3000元武警六支队大院精装全配房间精致且温馨,1400,3室1厅1卫,付1押1,合租,罗湖,武警六支队大院,蔡屋围,精装修,25.9平方米,西北,低层(共29层),普通住宅,2019年6月12日,季*,打败了91.1%的同城经纪人
租房立省4000元天河花园高层采光视野好 交通生活便利,1240,3室1厅1卫,付1押1,合租,南山,天河花园,华侨城,精装修,18.8平方米,朝西,低层(共22层),普通住宅,2019年6月12日,夏**,打败了77.2%的同城经纪人
立减2000华联花园精装带家私押一付一免中介,1640,4室1厅1卫,付1押1,合租,南山,华联花园,南山中心区,精装修,10.7平方米,朝南,中层(共25层),普通住宅,2019年6月12日,刘*,打败了68%的同城经纪人
租房立省4000元和平大厦套房直租随时看免中介商超齐全,830,3室1厅1卫,付1押1,合租,龙华,和平大厦,龙华,精装修,12.7平方米,朝北,低层(共15层),普通住宅,2019年6月12日,陈**,打败了84.3%的同城经纪人
永安商业城宝安中心环境优美 豪华装修 家电家具齐全 商超齐全,2074,3室1厅1卫,付1押1,合租,宝安,永安商业城,宝安中心区,精装修,10.9平方米,东南,中层(共17层),普通住宅,2019年6月12日,刘*,打败了68%的同城经纪人
龙岗  户型1室 蛋壳公寓 免中介 拎包入住,2550,1室1厅1卫,付1押1,合租,布吉,京南华庭,布吉街,精装修,13.9平方米,东南,低层(共14层),普通住宅,2019年6月12日,李**,打败了74.2%的同城经纪人
租房立省4000元后瑞村高层采光视野好 交通生活便利,970,3室1厅1卫,付1押1,合租,宝安,后瑞村,宝安机场,精装修,14.9平方米,西北,低层(共16层),普通住宅,2019年6月12日,王**,打败了77.2%的同城经纪人
租房立省1000元福临苑套房直租随时看免中介商超齐全,1698,3室1厅1卫,付1押1,合租,南山,福临苑,南山中心区,精装修,21.6平方米,东南,低层(共25层),普通住宅,2019年6月12日,张**,打败了77.2%的同城经纪人
租房立省4000元钜建大厦押一付一 精装公寓 无中介,1265,2室1厅1卫,付1押1,合租,南山,钜建大厦,南油,精装修,15.8平方米,朝南,中层(共18层),普通住宅,2019年6月12日,魏*,打败了74.2%的同城经纪人
房间干净整洁 室友容易相处 科技园有钥匙方便看房,1760,3室1厅1卫,付1押1,合租,南山,警察花园,科技园,精装修,16.9平方米,东北,高层(共19层),普通住宅,2019年6月12日,刘*,打败了68%的同城经纪人
租房立省3000元莲花北村商超齐全 压一付一 随时看房,2040,3室1厅1卫,付1押1,合租,福田,莲花北村,莲花北村,精装修,22.9平方米,东南,低层(共22层),普通住宅,2019年6月12日,刘*,打败了68%的同城经纪人
首月0元住西乡天福华府可短租押一付一,1760,3室1厅1卫,付1押1,合租,宝安,天福华府,宝安机场,精装修,18.7平方米,西北,中层(共18层),普通住宅,2019年6月12日,居**,打败了68%的同城经纪人
租房立省4000元前海时代押一付一 精装公寓 无中介,1860,2室1厅1卫,付1押1,合租,南山,前海时代,前海,精装修,15.2平方米,朝东,高层(共22层),普通住宅,2019年6月12日,居**,打败了68%的同城经纪人
首月0元住西乡天福华府可短租可月付24管家服务,1760,3室1厅1卫,付1押1,合租,宝安,天福华府,宝安机场,精装修,15.6平方米,西北,中层(共16层),普通住宅,2019年6月12日,居**,打败了68%的同城经纪人
首月0元住购物公园新光活力小区押一付一 精装公寓 无中介,2550,3室1厅1卫,付1押1,合租,福田,新光活力小区,中心区,精装修,13.5平方米,西北,低层(共15层),普通住宅,2019年6月11日,刘*,打败了68%的同城经纪人
租房立省3000元莲丰雅苑高层采光视野好 交通生活便利,2370,3室1厅1卫,付1押1,合租,福田,莲丰雅苑,莲花北村,精装修,25.9平方米,西北,高层(共19层),普通住宅,2019年6月12日,刘*,打败了68%的同城经纪人
租房立省3000元华达家电齐全 拎包入住 急租急租,1490,3室1厅1卫,付1押1,合租,罗湖,华达小区,田贝,精装修,12.1平方米,东北,低层(共16层),普通住宅,2019年6月10日,隋**,打败了77.2%的同城经纪人
首月0元住桃源村桃源村二期可短租可月付楼层好停车位充足,1990,3室1厅1卫,付1押1,合租,南山,桃源村(二期),桃源村,精装修,14.7平方米,西北,低层(共16层),普通住宅,2019年6月12日,何*,打败了74.2%的同城经纪人
租房立省2000元白石洲建行宿舍家电齐全 拎包入住 急租急租,2040,3室1厅1卫,付1押1,合租,南山,白石洲建行宿舍,白石洲,精装修,21.3平方米,东南,高层(共20层),普通住宅,2019年6月12日,唐*,打败了68%的同城经纪人
花样年花好园 中间楼层 精装三房 环境舒适 业主直租,2050,3室1厅1卫,付1押1,合租,福田,花样年花好园,下沙,精装修,20.8平方米,西北,中层(共18层),普通住宅,2019年6月12日,刘*,打败了68%的同城经纪人
租房立省4000元碧景园精装带家电 出门公交车站,1330,3室1厅1卫,付1押1,合租,福田,碧景园,景田,精装修,12.2平方米,朝北,中层(共13层),普通住宅,2019年6月10日,郭**,打败了68%的同城经纪人
松岗花园式小区 交通便利 全新家电 房源直租 精装,850,3室1厅1卫,付1押1,合租,宝安,温馨雅苑,松岗,精装修,17.9平方米,朝北,中层(共15层),普通住宅,2019年6月12日,彭**,打败了77.2%的同城经纪人
荣超花园 家私家电齐 干净舒适漂亮 屋子通风采光好,1630,3室1厅1卫,付1押1,合租,布吉,荣超花园,布吉关,精装修,15.9平方米,朝南,中层(共32层),普通住宅,2019年6月12日,刘*,打败了68%的同城经纪人
渔港大楼 寻找女生合租 楼梯四楼 家私齐 拎包入住,2290,1室1厅1卫,付1押1,合租,南山,渔港大楼,蛇口,精装修,20.6平方米,西北,低层(共24层),普通住宅,2019年6月12日,刘*,打败了68%的同城经纪人
首月0元住水贝新港鸿花园套房直租随时看免中介商超齐全,1250,3室1厅1卫,付1押1,合租,罗湖,新港鸿花园,翠竹,精装修,11.9平方米,东北,低层(共14层),普通住宅,2019年6月10日,张**,打败了82.4%的同城经纪人
租房立省4000元美丽AAA花园套房直租随时看免中介商超齐全,2380,2室1厅1卫,付1押1,合租,龙华,美丽AAA花园,龙华中心区,精装修,14平方米,朝东,高层(共22层),普通住宅,2019年6月12日,李**,打败了82.4%的同城经纪人
租房立省3000元仓前锦福苑精装好房 先到先得  月付,1240,3室1厅1卫,付1押1,合租,南山,仓前锦福苑(南区),南山中心区,精装修,15.3平方米,朝北,中层(共15层),普通住宅,2019年6月12日,张**,打败了77.2%的同城经纪人
首月0元住水贝铁路生活小区精装带家电 出门公交车站,1590,3室1厅1卫,付1押1,合租,罗湖,铁路生活小区,笋岗,精装修,14平方米,朝北,中层(共14层),普通住宅,2019年6月12日,刘*,打败了68%的同城经纪人
租房立省3000元侨社大院商超齐全 压一付一 随时看房,1820,3室1厅1卫,付1押1,合租,罗湖,侨社大院,人民南,精装修,19.1平方米,西南,中层(共13层),普通住宅,2019年6月6日,马**,打败了77.2%的同城经纪人
立减2000豪方悠然居精装带家私押一付一免中介,2200,1室1厅1卫,付1押1,合租,南山,豪方悠然居,蛇口,精装修,21.8平方米,朝西,低层(共23层),普通住宅,2019年6月12日,刘*,打败了68%的同城经纪人
租房立省4000元槟城西岸华庭包物业包网费 精装小区房 无中,2810,1室1厅1卫,付1押1,合租,宝安,槟城西岸华庭,西乡,精装修,28.7平方米,朝东,高层(共24层),普通住宅,2019年6月12日,刘*,打败了71.6%的同城经纪人
租房立省3000元景尚雅苑独卫带阳台 家电齐全 无中介,1390,3室1厅1卫,付1押1,合租,福田,景尚雅苑,景田,精装修,12.2平方米,东南,低层(共9层),普通住宅,2019年6月11日,刘*,打败了68%的同城经纪人
租房立省4000元中环花园独卫带阳台 家电齐全 无中介,2320,2室1厅1卫,付1押1,合租,龙华,中环花园,龙华,精装修,14.9平方米,朝北,低层(共9层),普通住宅,2019年6月12日,李**,打败了82.4%的同城经纪人
立减2000豪庭精装带家私押一付一免中介,1550,1室1厅1卫,付1押1,合租,南山,黄金豪庭,南油,精装修,14.1平方米,西南,低层(共18层),普通住宅,2019年6月12日,刘*,打败了68%的同城经纪人
租房立省4000元中兴公寓高档花园小区家私齐全,1465,2室1厅1卫,付1押1,合租,南山,中兴公寓,南油,精装修,15.5平方米,朝南,低层(共18层),普通住宅,2019年6月12日,魏*,打败了74.2%的同城经纪人
租房立省3000元丽港湾家电齐全 拎包入住 急租急租,1810,3室1厅1卫,付1押1,合租,福田,丽港湾,保税区,精装修,10.3平方米,东北,中层(共15层),普通住宅,2019年6月12日,雷*,打败了74.2%的同城经纪人
立减2000祥祺花园精装带家私押一付一免中介,1970,3室1厅1卫,付1押1,合租,南山,祥祺花园,白石洲,精装修,18平方米,朝北,低层(共19层),普通住宅,2019年6月12日,刘*,打败了68%的同城经纪人
莲丰大厦 高立减3000 紧邻地铁 家具全新,2200,3室1厅1卫,付1押1,合租,福田,莲丰大厦,彩田村,精装修,23平方米,朝南,低层(共25层),普通住宅,2019年6月12日,陈**,打败了84.3%的同城经纪人
租房立省4000元龙井小区全新家电给你个温馨的窝,1900,3室1厅1卫,付1押1,合租,福田,龙井小区,农科中心,精装修,20.4平方米,朝南,高层(共23层),普通住宅,2019年6月12日,刘*,打败了68%的同城经纪人
租房立省4000元鸿荣源壹成中心花园近地铁，环境优美，拎包入,1260,3室1厅1卫,付1押1,合租,龙华,鸿荣源壹成中心花园,龙华,精装修,13.4平方米,东北,中层(共27层),普通住宅,2019年6月12日,雷**,打败了71.6%的同城经纪人
南头常兴苑正规小区 安全放心 户型方正 采光足,1306,3室1厅1卫,付1押1,合租,南山,常兴苑,南头,精装修,16.3平方米,朝北,中层(共25层),普通住宅,2019年6月12日,白*,打败了88%的同城经纪人
桃源村视野开阔 豪华装修 家电家具齐全塘朗城,1670,3室1厅1卫,付1押1,合租,南山,塘朗城,大学城,精装修,16.6平方米,朝西,中层(共14层),普通住宅,2019年6月12日,刘*,打败了68%的同城经纪人
配套完善 有电梯 户型方正 采光足 宜居住蛇口,1120,1室1厅1卫,付1押1,合租,南山,水产楼,蛇口,精装修,16.4平方米,朝北,高层(共20层),普通住宅,2019年6月12日,夏**,打败了77.2%的同城经纪人
租房立省4000元世纪春城独卫带阳台 家电齐全 无中介,930,3室1厅1卫,付1押1,合租,龙华,世纪春城(一期),龙华,精装修,11.1平方米,朝东,中层(共16层),普通住宅,2019年6月12日,丁**,打败了68%的同城经纪人
租房立省3000元龙井小区商超齐全 压一付一 随时看房,1900,3室1厅1卫,付1押1,合租,福田,龙井小区,农科中心,精装修,21.6平方米,朝南,低层(共23层),普通住宅,2019年6月12日,刘*,打败了68%的同城经纪人
租房立省4000元梅花新园正规三房 拎包入住 家电齐全,910,3室1厅1卫,付1押1,合租,龙华,梅花新园,民治,精装修,13.5平方米,西南,低层(共14层),普通住宅,2019年6月12日,丁**,打败了68%的同城经纪人
,,,,,,,,,,,,,,,
,,,,,,,,,,,,,,,
桃源村地段 精装修 品质公寓 南北通透 采光无敌,1790,3室1厅1卫,付1押1,合租,南山,佳兆业香瑞园(南区),西丽,精装修,17.5平方米,朝北,高层(共24层),普通住宅,2019年6月12日,刘*,打败了68%的同城经纪人
帝景园  精装蛋壳公寓 押一付一,1930,3室1厅1卫,付1押1,合租,南山,帝景园,科技园,精装修,14.9平方米,朝西,低层(共17层),普通住宅,2019年6月12日,苏**,打败了74.2%的同城经纪人
租房立省4000元益强居独卫带阳台 家电齐全 无中介,1590,3室1厅1卫,付1押1,合租,福田,益强居,益田村,精装修,18.4平方米,西北,低层(共9层),普通住宅,2019年6月12日,温**,打败了82.4%的同城经纪人
彩达楼，停车方便，家具齐全，干净整洁，拎包入住,2050,3室1厅1卫,付1押1,合租,福田,彩达楼,下沙,精装修,18.6平方米,朝东,中层(共14层),普通住宅,2019年6月12日,刘*,打败了68%的同城经纪人
采光无敌 管家式服务 100M无线网络 随时入住新安,980,3室1厅1卫,付1押1,合租,宝安,百合苑,新安,精装修,19.1平方米,朝东,低层(共25层),普通住宅,2019年6月12日,何**,打败了65.5%的同城经纪人
租房立省2000元百货广场大厦包物业包网费 精装小区房 无中,1500,3室1厅1卫,付1押1,合租,罗湖,百货广场大厦,东门,精装修,18.5平方米,东南,高层(共22层),普通住宅,2019年6月12日,刘*,打败了68%的同城经纪人
首月0元住横岗志健时代广场家电齐全 拎包入住 急租急租,2250,3室1厅1卫,付1押1,合租,龙岗,志健时代广场,横岗,精装修,17.1平方米,东南,中层(共14层),普通住宅,2019年6月11日,刘*,打败了68%的同城经纪人
吉信大厦 紧邻地铁，押一付一 蛋壳公寓,2550,1室1厅1卫,付1押1,合租,布吉,吉信大厦,布吉街,精装修,14.2平方米,东北,低层(共13层),普通住宅,2019年6月12日,李**,打败了74.2%的同城经纪人
租房立省4000元清湖名苑家电齐全 拎包入住 急租急租,2205,2室1厅1卫,付1押1,合租,龙华,清湖名苑,清湖,精装修,15.9平方米,朝北,低层(共17层),普通住宅,2019年6月12日,陈**,打败了79.9%的同城经纪人
租房立省4000元万象新天一期白领公寓 实墙隔音好 家具齐全,2965,2室1厅1卫,付1押1,合租,宝安,万象新天一期,固戍,精装修,14.7平方米,朝南,中层(共16层),普通住宅,2019年6月12日,褚**,打败了84.3%的同城经纪人
首月0元住桃源村桃源村二期可短租可月付楼层好停车位充足,1990,3室1厅1卫,付1押1,合租,南山,桃源村(二期),桃源村,精装修,14.7平方米,西北,低层(共16层),普通住宅,2019年6月12日,何*,打败了74.2%的同城经纪人
金穗居 朝南主卧 带飘窗独卫 配备齐全,1380,4室1厅1卫,付1押1,合租,罗湖,金穗居,草埔,精装修,14.7平方米,朝南,低层(共14层),普通住宅,2019年6月6日,刘*,打败了68%的同城经纪人
租房立省4000元港铁天颂套房直租随时看免中介商超齐全,1680,2室1厅1卫,付1押1,合租,龙华,港铁天颂,民治,精装修,13.5平方米,朝南,中层(共16层),普通住宅,2019年6月12日,鲜**,打败了65.5%的同城经纪人
租房立省4000元东方名苑近地铁，环境优美，拎包入住,940,3室1厅1卫,付1押1,合租,龙华,东方名苑,民治,精装修,11.1平方米,西南,低层(共13层),普通住宅,2019年6月12日,丁**,打败了68%的同城经纪人
深大北门东方银座公馆户型方正 南北通透精装修 全新家电 欢迎,2128,3室1厅1卫,付1押1,合租,南山,东方银座公馆,前海,精装修,16.5平方米,西南,低层(共18层),普通住宅,2019年6月12日,刘*,打败了68%的同城经纪人
上早新村 拎包入住 主卧出租大飘窗 东南景观好,1100,3室1厅1卫,付1押1,合租,龙华,上早新村,大浪,精装修,12.9平方米,东南,中层(共28层),普通住宅,2019年6月12日,刘*,打败了68%的同城经纪人
租房立省4000元一辉花园精装好房 先到先得  月付,3275,2室1厅1卫,付1押1,合租,南山,一辉花园,华侨城,精装修,15.9平方米,东南,低层(共18层),普通住宅,2019年6月12日,刘*,打败了68%的同城经纪人
精装修公寓 家具家私齐全 押一付一 可随时看房入住后海,1710,3室1厅1卫,付1押1,合租,南山,天骄华庭,后海,精装修,16.4平方米,东北,低层(共9层),普通住宅,2019年6月12日,刘**,打败了74.2%的同城经纪人
英达钰龙园小区安静怡人 适合居住 精装全齐拎包住南头,1613,3室1厅1卫,付1押1,合租,南山,英达钰龙园,南头,精装修,10.4平方米,东北,中层(共12层),普通住宅,2019年6月12日,段**,打败了74.2%的同城经纪人
租房立省4000元45区综合楼精装带家电 出门公交车站,2685,2室1厅1卫,付1押1,合租,宝安,45区综合楼,新安,精装修,15.9平方米,西北,低层(共18层),普通住宅,2019年6月12日,林*,打败了71.6%的同城经纪人
潜龙鑫茂花园品质装修 楼下地铁口 押一付一 拎包入住梅林关口,1710,3室1厅1卫,付1押1,合租,龙华,潜龙鑫茂花园(A区),民治,精装修,14.9平方米,西南,中层(共13层),普通住宅,2019年6月12日,刘*,打败了71.6%的同城经纪人
全齐出租 拎包即住 有钥匙看房方便桃源村朗苑,1780,3室1厅1卫,付1押1,合租,南山,朗苑,桃源村,精装修,15.6平方米,朝北,中层(共15层),普通住宅,2019年6月12日,刘*,打败了68%的同城经纪人
宝安中心生活购物便利 视野广阔 采光好 空气质量好 车位充足,1212,3室1厅1卫,付1押1,合租,宝安,佳怡大厦,翻身路,精装修,13.1平方米,东北,中层(共25层),普通住宅,2019年6月12日,夏**,打败了77.2%的同城经纪人
东方海雅居 朝南主卧 带飘窗独卫 配备齐全,1920,3室1厅1卫,付1押1,合租,南山,东方海雅居,南油,精装修,12.2平方米,朝南,低层(共15层),普通住宅,2019年6月12日,刘*,打败了68%的同城经纪人
租房立省1000元汇园雅居月付 包物业费网费 无中介,1430,3室1厅1卫,付1押1,合租,南山,汇园雅居,科技园,精装修,10.8平方米,东南,高层(共19层),普通住宅,2019年6月12日,王**,打败了71.6%的同城经纪人
首月0元住赤湾港湾生活1375可短租可月付押一付一,1375,3室1厅1卫,付1押1,合租,南山,港湾生活小区(赤湾生活小区),蛇口,精装修,15.4平方米,朝北,高层(共20层),普通住宅,2019年6月12日,魏*,打败了74.2%的同城经纪人
首月0元住翻身路常盛花园可短租可月付押一付一领包入住,1920,3室1厅1卫,付1押1,合租,宝安,常盛花园,翻身路,精装修,18.7平方米,朝北,高层(共22层),普通住宅,2019年6月12日,林**,打败了71.6%的同城经纪人
宝安中心小区绿化度高 居住舒适 全齐出租 户型方正 拎包即住,2559,3室1厅1卫,付1押1,合租,宝安,勤诚达22世纪二期,新安,精装修,14.6平方米,西北,高层(共26层),普通住宅,2019年6月12日,朱*,打败了71.6%的同城经纪人
首月0元住横岗志健时代广场月付 包物业费网费 无中介,2250,3室1厅1卫,付1押1,合租,龙岗,志健时代广场,横岗,精装修,16.8平方米,朝北,高层(共20层),普通住宅,2019年6月11日,刘*,打败了68%的同城经纪人
立减2000 梅林海关生活区 精装 押一付一 免中介,2190,3室1厅1卫,付1押1,合租,福田,梅林海关生活区,莲花一村,精装修,22.9平方米,西南,高层(共19层),普通住宅,2019年6月12日,刘*,打败了68%的同城经纪人
清湖立省2000元幸福城正规三房 拎包入住 家电齐全,1801,3室1厅1卫,付1押1,合租,龙华,幸福城(一期),清湖,精装修,11平方米,东南,高层(共20层),普通住宅,2019年6月12日,任*,打败了77.2%的同城经纪人
租房立省3000元新岭山庄包物业包网费 精装小区房 无中介,1550,3室1厅1卫,付1押1,合租,罗湖,新岭山庄,翠竹,精装修,14.4平方米,东北,低层(共15层),普通住宅,2019年6月11日,刘*,打败了68%的同城经纪人
租房立省4000元雅苑高层飘窗近地铁生活便利,1550,3室1厅1卫,付1押1,合租,龙华,尚城雅苑,清湖,精装修,12.8平方米,东北,低层(共14层),普通住宅,2019年6月12日,熊*,打败了92.4%的同城经纪人
租房立省4000元碧海天家园包物业包网费 精装小区房 无中介,1645,3室1厅1卫,付1押1,合租,南山,碧海天家园,海岸城,精装修,14.4平方米,朝北,高层(共25层),普通住宅,2019年6月12日,刘**,打败了77.2%的同城经纪人
租房立省2000元美庐锦园套房直租随时看免中介商超齐全,2020,3室1厅1卫,付1押1,合租,南山,美庐锦园,白石洲,精装修,19.6平方米,西北,高层(共20层),普通住宅,2019年6月12日,唐*,打败了68%的同城经纪人
首月0元住福永中粮凤凰里1220可短租可月付押一付一,1220,3室1厅1卫,付1押1,合租,宝安,中粮凤凰里,福永,精装修,17.8平方米,朝南,低层(共20层),普通住宅,2019年6月12日,赖**,打败了93.6%的同城经纪人
租房立省4000元星河传奇押一付一 精装公寓 无中介,2750,3室1厅1卫,付1押1,合租,龙华,星河传奇,民治,精装修,25.1平方米,东南,中层(共13层),普通住宅,2019年6月12日,刘*,打败了68%的同城经纪人
长城盛世家园 温馨精装合租房，手快有手快无，电话咨询优先,2330,3室1厅1卫,付1押1,合租,福田,长城盛世家园(一期),彩田村,精装修,25.1平方米,朝北,低层(共26层),普通住宅,2019年6月12日,刘*,打败了68%的同城经纪人
租房立省4000元五环新村精装好房 先到先得  月付,1975,3室1厅1卫,付1押1,合租,福田,五环新村,笔架山,精装修,11.4平方米,朝北,低层(共14层),普通住宅,2019年6月12日,陈**,打败了88%的同城经纪人
租房立省3000元一甲海边新村独卫带阳台 家电齐全 无中介,1498,3室1厅1卫,付1押1,合租,南山,一甲海边新村,南头,精装修,11.1平方米,朝北,低层(共14层),普通住宅,2019年6月12日,罗**,打败了71.6%的同城经纪人
租房立省1000元园包物业包网费 精装小区房 无中介,1670,3室1厅1卫,付1押1,合租,南山,梦想家园,南油,精装修,17.9平方米,东北,中层(共17层),普通住宅,2019年6月12日,张**,打败了77.2%的同城经纪人
沙尾 绿景蓝湾半岛 押一付一 交通便利 配套设施齐全,2550,3室1厅1卫,付1押1,合租,福田,绿景蓝湾半岛,沙嘴,精装修,11.3平方米,朝南,高层(共29层),普通住宅,2019年6月12日,刘*,打败了68%的同城经纪人
租房立省3000元中航凯特公寓民水电 免中介 拎包入住,1990,3室1厅1卫,付1押1,合租,罗湖,中航凯特公寓,蔡屋围,精装修,16.2平方米,朝南,低层(共16层),普通住宅,2019年6月12日,肖*,打败了77.2%的同城经纪人
龙华立省2000元世纪春城月付 包物业费网费 无中介,1840,3室1厅1卫,付1押1,合租,龙华,世纪春城(一期),龙华,精装修,17.3平方米,朝东,中层(共13层),普通住宅,2019年6月12日,王*,打败了71.6%的同城经纪人
莱蒙水榭春天 中间楼层 精装三房 环境舒适 业主直租,1260,3室1厅1卫,付1押1,合租,龙华,莱蒙水榭春天一二三期,莱蒙水榭春天,精装修,13.4平方米,东北,中层(共14层),普通住宅,2019年6月12日,刘*,打败了68%的同城经纪人
租房立省1000元曦湾华府包物业包网费 精装小区房 无中介,1000,3室1厅1卫,付1押1,合租,南山,曦湾华府,后海,精装修,13.9平方米,朝东,中层(共14层),普通住宅,2019年6月12日,刘**,打败了74.2%的同城经纪人
民治立省2000元银泉花园包物业包网费 精装 无中介,980,3室1厅1卫,付1押1,合租,龙华,银泉花园,龙华,精装修,15.3平方米,东北,高层(共24层),普通住宅,2019年6月12日,刘*,打败了68%的同城经纪人
租房立省2000元中兴公寓精装带家电 出门公交车站,1465,2室1厅1卫,付1押1,合租,南山,中兴公寓,南油,精装修,16.1平方米,朝南,低层(共17层),普通住宅,2019年6月12日,黄**,打败了68%的同城经纪人
后海光线通风都非常好 家电齐全全新 欢迎,1640,3室1厅1卫,付1押1,合租,南山,后海公馆,后海,精装修,14.6平方米,东北,中层(共14层),普通住宅,2019年6月12日,刘**,打败了74.2%的同城经纪人
租房立省3000元新彩苑月付 包物业费网费 无中介,1980,3室1厅1卫,付1押1,合租,龙华,新彩苑,梅林关口,精装修,15.2平方米,西南,中层(共16层),普通住宅,2019年6月12日,丁**,打败了68%的同城经纪人
首月0元住龙华优品建筑可短租高性价比大主卧等,1835,3室1厅1卫,付1押1,合租,龙华,优品建筑,龙华,精装修,13.7平方米,西南,低层(共17层),普通住宅,2019年6月12日,韩**,打败了74.2%的同城经纪人
租房立省4000元大信花园高档花园小区家私齐全,2110,3室1厅1卫,付1押1,合租,龙华,大信花园,龙华,精装修,19平方米,朝北,中层(共26层),普通住宅,2019年6月12日,张**,打败了82.4%的同城经纪人
租房立省3000元长城里程家园精装带家电 出门公交车站,955,3室1厅1卫,付1押1,合租,龙华,长城里程家园,民治,精装修,15.1平方米,东北,中层(共14层),普通住宅,2019年6月12日,刘*,打败了68%的同城经纪人
首月0元住水贝铁路生活小区高档花园小区家私齐全,1460,3室1厅1卫,付1押1,合租,罗湖,铁路生活小区,笋岗,精装修,13.3平方米,朝东,中层(共13层),普通住宅,2019年6月12日,刘*,打败了68%的同城经纪人
租房立省4000元星河盛世全新装修 品牌家电 看房随时,1930,3室1厅1卫,付1押1,合租,龙华,星河盛世,民治,精装修,24.6平方米,朝东,高层(共28层),普通住宅,2019年6月12日,刘*,打败了68%的同城经纪人
首月0元住桃园常兴广场可短租可月付楼层好停车位充足,1690,3室1厅1卫,付1押1,合租,南山,常兴时代广场,南头,精装修,18.7平方米,朝南,低层(共21层),普通住宅,2019年6月12日,居**,打败了68%的同城经纪人
租房立省4000元祥和御园独卫带阳台 家电齐全 无中介,2600,3室1厅1卫,付1押1,合租,龙华,祥和御园,清湖,精装修,31.8平方米,朝南,中层(共19层),普通住宅,2019年6月12日,苟**,打败了68%的同城经纪人
租房立省4000元恒裕滨城二期全新装修 品牌家电 看房随时,2990,2室1厅1卫,付1押1,合租,南山,恒裕滨城二期,后海,精装修,14.9平方米,朝东,中层(共17层),普通住宅,2019年6月12日,赖**,打败了93.6%的同城经纪人
租房立省1000元汇园雅居月付 包物业费网费 无中介,1430,3室1厅1卫,付1押1,合租,南山,汇园雅居,科技园,精装修,10.8平方米,东南,高层(共19层),普通住宅,2019年6月12日,王**,打败了71.6%的同城经纪人
首月0元住桃园英达钰龙园1720可短租可月付押一付一,1720,3室1厅1卫,付1押1,合租,南山,英达钰龙园,南头,精装修,18.2平方米,东北,低层(共18层),普通住宅,2019年6月12日,居**,打败了68%的同城经纪人
龙华立省2000元世纪春城月付 包物业费网费 无中介,1840,3室1厅1卫,付1押1,合租,龙华,世纪春城(一期),龙华,精装修,17.3平方米,朝东,中层(共13层),普通住宅,2019年6月12日,王*,打败了71.6%的同城经纪人
龙华立省2000元金凤凰豪苑月付 包物业费网费 无中介,2000,3室1厅1卫,付1押1,合租,龙华,金凤凰豪苑,清湖,精装修,22.2平方米,朝东,高层(共21层),普通住宅,2019年6月12日,张*,打败了74.2%的同城经纪人
鑫海公寓 朝南主卧 带飘窗独卫 配备齐全,1250,3室1厅1卫,付1押1,合租,龙华,鑫海公寓,梅林关口,精装修,14.9平方米,朝南,高层(共21层),普通住宅,2019年6月12日,刘*,打败了68%的同城经纪人
首月0元住翻身路常盛花园可短租可月付押一付一,1820,3室1厅1卫,付1押1,合租,宝安,常盛花园,翻身路,精装修,16.2平方米,朝北,低层(共18层),普通住宅,2019年6月12日,林**,打败了71.6%的同城经纪人
租房立省4000元新阳丽舍高层采光视野好 交通生活便利,2150,2室1厅1卫,付1押1,合租,龙华,新阳丽舍,清湖,精装修,14.1平方米,东南,低层(共16层),普通住宅,2019年6月12日,陈**,打败了79.9%的同城经纪人
租房立省4000元星河传奇押一付一 精装公寓 无中介,2750,3室1厅1卫,付1押1,合租,龙华,星河传奇,民治,精装修,25.1平方米,东南,中层(共13层),普通住宅,2019年6月12日,刘*,打败了68%的同城经纪人
租房立省4000元蔚蓝海岸精装全配房间精致且温馨,3000,2室1厅1卫,付1押1,合租,南山,蔚蓝海岸(四期),后海,精装修,14.4平方米,东南,中层(共13层),普通住宅,2019年6月12日,赖**,打败了93.6%的同城经纪人
租房立省4000元清湖铭泉家电齐全 拎包入住 急租急租,2735,2室1厅1卫,付1押1,合租,龙华,清湖铭泉,清湖,精装修,14平方米,朝西,高层(共23层),普通住宅,2019年6月12日,苟**,打败了68%的同城经纪人
首月0元住红山日出印象可短租可月付押一付一领包入住,1490,3室1厅1卫,付1押1,合租,龙华,日出印象(B区),民治,精装修,16.2平方米,西北,中层(共14层),普通住宅,2019年6月12日,黄**,打败了68%的同城经纪人
租房立省3000元金苹果精装带家电 出门公交车站,955,3室1厅1卫,付1押1,合租,龙华,金苹果,清湖,精装修,13.2平方米,朝西,中层(共13层),普通住宅,2019年6月12日,朱*,打败了71.6%的同城经纪人
租房立省4000元风和日丽家园套房直租随时看免中介商超齐全,2860,3室1厅1卫,付1押1,合租,龙华,风和日丽家园,锦绣江南,精装修,24.4平方米,朝东,低层(共28层),普通住宅,2019年6月12日,刘*,打败了68%的同城经纪人
立减2000登良花园精装带家私押一付一免中介,1750,1室1厅1卫,付1押1,合租,南山,登良花园,南油,精装修,13.8平方米,朝南,低层(共18层),普通住宅,2019年6月12日,刘*,打败了68%的同城经纪人
全齐出租 拎包即住 有钥匙看房方便西丽鸿雅公寓,1620,3室1厅1卫,付1押1,合租,南山,鸿雅公寓,西丽,精装修,15.5平方米,东北,中层(共16层),普通住宅,2019年6月12日,苏**,打败了74.2%的同城经纪人
租房立省4000元沙河明珠花园家电齐全 拎包入住 急租急租,1276,3室1厅1卫,付1押1,合租,南山,沙河明珠花园,华侨城,精装修,17.9平方米,朝南,低层(共18层),普通住宅,2019年6月12日,夏**,打败了77.2%的同城经纪人
首月0元住坪洲海滨新村1195可短租押一付一管家服务,999,3室1厅1卫,付1押1,合租,宝安,海滨新村,固戍,精装修,15.4平方米,朝西,低层(共17层),普通住宅,2019年6月12日,张**,打败了77.2%的同城经纪人
南头南头花园中南苑户型方正 采光充足朝向好 精装修配套齐全,1284,3室1厅1卫,付1押1,合租,南山,南头花园中南苑,南头,精装修,16.5平方米,东北,高层(共27层),普通住宅,2019年6月12日,罗**,打败了71.6%的同城经纪人
立减2000白石洲建行宿舍精装带家私押一付一免中介,1940,3室1厅1卫,付1押1,合租,南山,白石洲建行宿舍,白石洲,精装修,15.8平方米,东南,低层(共18层),普通住宅,2019年6月12日,刘*,打败了68%的同城经纪人
租房立省4000元笔架山派出所住宅楼精装带家电 出门公交车站,1980,3室1厅1卫,付1押1,合租,福田,笔架山派出所住宅楼,笔架山,精装修,12.7平方米,西北,低层(共15层),普通住宅,2019年6月12日,陈**,打败了88%的同城经纪人
租房立省4000元机场企岗山花园高档花园小区家私齐全,980,3室1厅1卫,付1押1,合租,宝安,机场企岗山花园,宝安机场,精装修,15.5平方米,西北,低层(共17层),普通住宅,2019年6月12日,王**,打败了77.2%的同城经纪人
首月0元住南油龙城花园1670可短租可月付,1670,3室1厅1卫,付1押1,合租,南山,龙城花园,南油,精装修,13.5平方米,西北,中层(共15层),普通住宅,2019年6月12日,何*,打败了74.2%的同城经纪人
星河盛世梅林关口交通便利 家电齐全 可整租可合租,989,3室1厅1卫,付1押1,合租,龙华,星河盛世,民治,精装修,14.8平方米,朝南,低层(共20层),普通住宅,2019年6月12日,朱*,打败了71.6%的同城经纪人
租房立省4000元侨洲花园高层飘窗近地铁生活便利,1323,3室1厅1卫,付1押1,合租,南山,侨洲花园,华侨城,精装修,16.7平方米,朝北,低层(共19层),普通住宅,2019年6月12日,夏**,打败了77.2%的同城经纪人
首月0元住固戍万象新天香格丽湾园2375可短租押一付一管,2375,3室1厅1卫,付1押1,合租,宝安,万象新天三期,固戍,精装修,16.7平方米,朝北,低层(共20层),普通住宅,2019年6月12日,姜*,打败了77.2%的同城经纪人
首月0元住横岗志健时代广场家电齐全 拎包入住 急租急租,2250,3室1厅1卫,付1押1,合租,龙岗,志健时代广场,横岗,精装修,17.1平方米,东南,中层(共14层),普通住宅,2019年6月11日,刘*,打败了68%的同城经纪人
立减2000星河锦居精装带家私押一付一免中介,1620,3室1厅1卫,付1押1,合租,福田,星河锦居,沙尾,精装修,16.2平方米,西北,中层(共18层),普通住宅,2019年6月12日,刘*,打败了68%的同城经纪人
租房立省4000元中航天逸包物业包网费 无中介,2100,3室1厅1卫,付1押1,合租,龙华,中航天逸,民治,精装修,15.7平方米,朝北,低层(共29层),普通住宅,2019年6月12日,魏*,打败了65.5%的同城经纪人
桑达苑 家私家电齐 干净舒适漂亮 屋子通风采光好,1920,3室1厅1卫,付1押1,合租,南山,桑达苑,科技园,精装修,17平方米,朝南,中层(共23层),普通住宅,2019年6月12日,刘*,打败了68%的同城经纪人
租房立省4000元新一代国际公寓精装全配房间精致且温馨,1255,2室1厅1卫,付1押1,合租,南山,新一代国际公寓,南油,精装修,14.1平方米,东南,中层(共12层),普通住宅,2019年6月12日,魏*,打败了74.2%的同城经纪人
鹏城花园 免中芥费 近地铁 包宽带 出行方便 精装修拎包入住,1410,3室1厅1卫,付1押1,合租,罗湖,鹏城花园,布心,精装修,14.8平方米,东北,高层(共25层),普通住宅,2019年6月12日,刘*,打败了68%的同城经纪人
租房立省4000元宝华大厦家电齐全 拎包入住 急租急租,2600,3室1厅1卫,付1押1,合租,龙华,宝华大厦,清湖,精装修,28.8平方米,朝南,中层(共20层),普通住宅,2019年6月12日,苟**,打败了68%的同城经纪人
租房立省4000元万豪御景苑近地铁，环境优美，拎包入住,1340,3室1厅1卫,付1押1,合租,南山,万豪御景苑,前海,精装修,15.2平方米,东南,中层(共15层),普通住宅,2019年6月12日,姚*,打败了74.2%的同城经纪人
华润城润府一期 电梯高层 大面积 大客厅 主卧 次卧,1860,3室1厅1卫,付1押1,合租,南山,华润城润府一期,科技园,精装修,15平方米,朝南,中层(共32层),普通住宅,2019年6月12日,刘*,打败了68%的同城经纪人
龙华立省2000元东华明珠园精装带家电 出门公交车站,2180,3室1厅1卫,付1押1,合租,龙华,东华明珠园,龙华,精装修,21.8平方米,西北,高层(共23层),普通住宅,2019年6月12日,张*,打败了74.2%的同城经纪人
租房立省3000元保利悦都正规三房 拎包入住 家电齐全,920,3室1厅1卫,付1押1,合租,龙华,保利悦都,清湖,精装修,14平方米,东南,中层(共17层),普通住宅,2019年6月12日,陈**,打败了84.3%的同城经纪人
首月0元住岗厦皇洲花园可短租可月付24管家服务,2490,3室1厅1卫,付1押1,合租,福田,皇洲花园,福华新村,精装修,14.7平方米,东北,高层(共20层),普通住宅,2019年6月12日,许**,打败了71.6%的同城经纪人
南向采光足 全齐出租 拎包即住 室友易相处南头,1590,3室1厅1卫,付1押1,合租,南山,阳光里雅居,南山中心区,精装修,17.3平方米,西北,中层(共15层),普通住宅,2019年6月12日,赖**,打败了93.6%的同城经纪人
中海丽苑 家私家电齐 干净舒适漂亮 屋子通风采光好,1820,3室1厅1卫,付1押1,合租,南山,中海丽苑,南油,精装修,12.6平方米,朝南,低层(共15层),普通住宅,2019年6月12日,刘*,打败了68%的同城经纪人
彩达楼，停车方便，家具齐全，干净整洁，拎包入住,2050,3室1厅1卫,付1押1,合租,福田,彩达楼,下沙,精装修,18.6平方米,朝东,中层(共14层),普通住宅,2019年6月12日,刘*,打败了68%的同城经纪人
首月0元住龙华区民治春华四季园一期楼层好有停车位,2280,3室1厅1卫,付1押1,合租,龙华,春华四季园,民治,精装修,14平方米,朝南,高层(共20层),普通住宅,2019年6月12日,魏*,打败了65.5%的同城经纪人
首月0元住清湖保利悦都花园可短租高性价比大主卧等,1830,3室1厅1卫,付1押1,合租,龙华,保利悦都,清湖,精装修,14.6平方米,朝北,高层(共23层),普通住宅,2019年6月12日,陈**,打败了88%的同城经纪人
租房立省4000元莱蒙水榭春天三期白领公寓 实墙隔音好 家具,1780,2室1厅1卫,付1押1,合租,龙华,莱蒙水榭春天一二三期,莱蒙水榭春天,精装修,15.6平方米,西北,高层(共20层),普通住宅,2019年6月12日,杨*,打败了77.2%的同城经纪人
首月0元住红山世纪春城可短租可月付24管家服务,1590,3室1厅1卫,付1押1,合租,龙华,世纪春城(一期),龙华,精装修,15平方米,东南,低层(共17层),普通住宅,2019年6月12日,居**,打败了68%的同城经纪人
租房立省4000元世界花园香山居商超齐全 压一付一 随时看房,1347,3室1厅1卫,付1押1,合租,南山,世界花园香山居,华侨城,精装修,18.9平方米,朝西,低层(共22层),普通住宅,2019年6月12日,夏**,打败了77.2%的同城经纪人
租房立省2000元皇庭港湾家电齐全 拎包入住 急租急租,2460,2室1厅1卫,付1押1,合租,南山,皇庭港湾,后海,精装修,16.4平方米,东南,低层(共9层),普通住宅,2019年6月12日,李*,打败了94.7%的同城经纪人
后海高端住宅小区 楼层好 视野广阔 采光好 押一付一,1680,3室1厅1卫,付1押1,合租,南山,翡翠海岸,后海,精装修,19.6平方米,西北,中层(共14层),普通住宅,2019年6月12日,刘**,打败了74.2%的同城经纪人
租房立省4000元锦绣御园高层飘窗近地铁生活便利,925,3室1厅1卫,付1押1,合租,龙华,锦绣御园,龙华,精装修,13.5平方米,朝东,低层(共17层),普通住宅,2019年6月12日,唐*,打败了68%的同城经纪人
白石龙一区 可短租，精装修3房2厅，拎包住,1450,3室1厅1卫,付1押1,合租,龙华,白石龙一区,梅林关口,精装修,15平方米,西南,中层(共18层),普通住宅,2019年6月12日,刘*,打败了68%的同城经纪人
首月0元住布心鹏城花园家电齐全 拎包入住 急租急租,1790,3室1厅1卫,付1押1,合租,罗湖,鹏城花园,布心,精装修,13.8平方米,西北,高层(共20层),普通住宅,2019年6月12日,刘*,打败了68%的同城经纪人
租房立省4000元后海花园家电齐全 拎包入住 急租急租,2890,2室1厅1卫,付1押1,合租,南山,后海花园,后海,精装修,15.9平方米,东南,高层(共19层),普通住宅,2019年6月12日,赖**,打败了93.6%的同城经纪人
高端住宅小区 生活气息浓 采光好 家电家具全新 可月租可做饭,1730,3室1厅1卫,付1押1,合租,龙华,星河丹堤,龙华,精装修,18.4平方米,朝南,高层(共21层),普通住宅,2019年6月12日,刘*,打败了71.6%的同城经纪人
租房立省3000元民乐翠园月付 包物业费网费 无中介,1800,3室1厅1卫,付1押1,合租,龙华,民乐翠园小区,梅林关口,精装修,14.9平方米,朝北,中层(共11层),普通住宅,2019年6月12日,丁**,打败了68%的同城经纪人
租房立省4000元深航飞行员公寓月付 包物业费网费 无中介,1255,3室1厅1卫,付1押1,合租,南山,深航飞行员公寓,南山中心区,精装修,14.7平方米,朝北,低层(共17层),普通住宅,2019年6月12日,刘*,打败了68%的同城经纪人
首月0元住清湖美丽365花园正规三房 拎包入住 家电齐全,1730,2室1厅1卫,付1押1,合租,龙华,美丽365花园,美丽365花园,精装修,14.3平方米,朝西,高层(共22层),普通住宅,2019年6月12日,任*,打败了77.2%的同城经纪人
租房立省4000元华府苑全新装修 品牌家电 看房随时,1710,2室1厅1卫,付1押1,合租,南山,华府苑,前海,精装修,16.1平方米,西北,低层(共18层),普通住宅,2019年6月12日,徐*,打败了79.9%的同城经纪人
租房立省4000元恒裕滨城二期全新装修 品牌家电 看房随时,2990,2室1厅1卫,付1押1,合租,南山,恒裕滨城二期,后海,精装修,14.9平方米,朝东,中层(共17层),普通住宅,2019年6月12日,赖**,打败了93.6%的同城经纪人
桃源村繁华地段 精装修品质公寓 押一付一 24h售后服务,1770,3室1厅1卫,付1押1,合租,南山,鼎胜林栖园,桃源村,精装修,16.7平方米,东南,高层(共21层),普通住宅,2019年6月12日,刘*,打败了68%的同城经纪人
彩达楼，停车方便，家具齐全，干净整洁，拎包入住,2050,3室1厅1卫,付1押1,合租,福田,彩达楼,下沙,精装修,18.6平方米,朝东,中层(共14层),普通住宅,2019年6月12日,刘*,打败了68%的同城经纪人
租房立省1000元顺天大厦商超齐全 压一付一 随时看房,1626,3室1厅1卫,付1押1,合租,南山,顺天大厦,南山中心区,精装修,20平方米,朝北,高层(共30层),普通住宅,2019年6月12日,张**,打败了77.2%的同城经纪人
白石龙一区 可短租，精装修3房2厅，拎包住,1450,3室1厅1卫,付1押1,合租,龙华,白石龙一区,梅林关口,精装修,15平方米,西南,中层(共18层),普通住宅,2019年6月12日,刘*,打败了68%的同城经纪人
金和豪苑 合租3房，高层，视野开阔，家具全齐,1360,3室1厅1卫,付1押1,合租,龙华,金和豪苑,龙华中心区,精装修,14.7平方米,西北,中层(共16层),普通住宅,2019年6月12日,刘*,打败了68%的同城经纪人
租房立省4000元美丽AAA花园包物业包网费 无中介,2305,2室1厅1卫,付1押1,合租,龙华,美丽AAA花园,龙华中心区,精装修,14.4平方米,朝南,中层(共14层),普通住宅,2019年6月12日,李**,打败了82.4%的同城经纪人
租房立省4000元松坪村三期西区民水电 免中介 拎包入住,1550,3室1厅1卫,付1押1,合租,南山,松坪村三期西区,科技园,精装修,15.6平方米,朝东,低层(共20层),普通住宅,2019年6月12日,刘*,打败了68%的同城经纪人
里程花园 刚退出来的房 可拎包入住干净卫生,1560,1室1厅1卫,付1押1,合租,宝安,领航里程花园(中信领航城一期),领航城,精装修,17.2平方米,朝东,低层(共20层),普通住宅,2019年6月12日,刘*,打败了68%的同城经纪人
租房立省4000元石云苑出门就是地铁 精装带家私,1530,3室1厅1卫,付1押1,合租,南山,石云苑,蛇口,精装修,17.1平方米,朝东,高层(共23层),普通住宅,2019年6月12日,于*,打败了65.5%的同城经纪人
租房立省2000元锦明花园白领公寓 实墙隔音好 家具齐全,1860,3室1厅1卫,付1押1,合租,宝安,锦明花园(锦新明铭邸),西乡,精装修,10.9平方米,西北,中层(共17层),普通住宅,2019年6月12日,刘**,打败了74.2%的同城经纪人
立减2000元盛兴苑精装带家私押一付一免中介,1680,3室1厅1卫,付1押1,合租,福田,元盛兴苑,沙尾,精装修,15平方米,西南,低层(共9层),普通住宅,2019年6月12日,刘*,打败了68%的同城经纪人
首月0元住水贝新港鸿花园套房直租随时看免中介商超齐全,1250,3室1厅1卫,付1押1,合租,罗湖,新港鸿花园,翠竹,精装修,11.9平方米,东北,低层(共14层),普通住宅,2019年6月10日,张**,打败了82.4%的同城经纪人
前海房屋干净整洁 精装修 家电齐全 宽敞明亮 布局大方,1989,3室1厅1卫,付1押1,合租,南山,华昌大厦,桃园,精装修,23.4平方米,朝东,低层(共25层),普通住宅,2019年6月12日,姚**,打败了95.5%的同城经纪人
中山花园大厦 拎包入住 主卧出租大飘窗 东南景观好,1880,3室1厅1卫,付1押1,合租,罗湖,中山花园大厦,黄贝岭,精装修,10.7平方米,朝西,低层(共13层),普通住宅,2019年6月12日,刘*,打败了68%的同城经纪人
租房立省4000元米兰寓所正规三房 拎包入住 家电齐全,1235,3室1厅1卫,付1押1,合租,南山,米兰寓所,蛇口,精装修,16.5平方米,朝东,低层(共16层),普通住宅,2019年6月12日,倪*,打败了95.5%的同城经纪人
租房立省4000元中兴之家高档花园小区家私齐全,1569,3室1厅1卫,付1押1,合租,南山,中兴之家,南山中心区,精装修,19平方米,朝北,低层(共23层),普通住宅,2019年6月12日,刘*,打败了68%的同城经纪人
租房立省2000元向西大厦商超齐全 压一付一 随时看房,1600,3室1厅1卫,付1押1,合租,罗湖,向西大厦,东门,精装修,15.8平方米,西北,中层(共15层),普通住宅,2019年6月12日,刘*,打败了68%的同城经纪人
租房立省4000元天悦园套房直租随时看免中介商超齐全,1850,3室1厅1卫,付1押1,合租,南山,天悦园,海岸城,精装修,15.9平方米,朝东,低层(共16层),普通住宅,2019年6月12日,刘*,打败了68%的同城经纪人
租房立省4000元华山村月付 包物业费网费 无中介,3185,2室1厅1卫,付1押1,合租,南山,华山村,华侨城,精装修,14.3平方米,西南,中层(共12层),普通住宅,2019年6月12日,刘*,打败了68%的同城经纪人
深航飞行员公寓，紧邻地铁，押一付一，家电全新，可短租,1914,3室1厅1卫,付1押1,合租,南山,深航飞行员公寓,南山中心区,精装修,23.4平方米,朝南,高层(共28层),普通住宅,2019年6月12日,刘*,打败了68%的同城经纪人
深大北门东方银座公馆豪华装修 管家式服务 百兆网络 随时入住,2182,3室1厅1卫,付1押1,合租,南山,东方银座公馆,前海,精装修,18.9平方米,朝南,低层(共11层),普通住宅,2019年6月12日,刘*,打败了68%的同城经纪人
首月0元住固戍中信可短租可月付押一付一领包入住,1390,3室1厅1卫,付1押1,合租,宝安,领航里程花园(中信领航城一期),领航城,精装修,12.8平方米,朝北,低层(共15层),普通住宅,2019年6月12日,黄**,打败了68%的同城经纪人
绿茵华庭 紧邻地铁，押一付一 蛋壳公寓,1246,3室1厅1卫,付1押1,合租,龙华,绿茵华庭,大浪,精装修,15.1平方米,朝西,高层(共27层),普通住宅,2019年6月12日,丁**,打败了92.4%的同城经纪人
梅林关口立省2000元溪山美地园套房直租随时看免中介商超齐全,1970,3室1厅1卫,付1押1,合租,龙华,溪山美地园,梅林关口,精装修,17.5平方米,西南,低层(共20层),普通住宅,2019年6月12日,赖**,打败了71.6%的同城经纪人
首月0元住布心彩世界家园全新装修 品牌家电 看房随时,1690,3室1厅1卫,付1押1,合租,罗湖,彩世界家园,布心,精装修,11.2平方米,东南,低层(共8层),普通住宅,2019年6月12日,刘*,打败了68%的同城经纪人
首月0元住水贝铁路生活小区白领公寓 实墙隔音好 家具齐全,1460,3室1厅1卫,付1押1,合租,罗湖,铁路生活小区,笋岗,精装修,13.2平方米,西北,高层(共20层),普通住宅,2019年6月12日,刘*,打败了68%的同城经纪人
首月0元住清湖嘉逸花园正规三房 拎包入住 家电齐全,1715,2室1厅1卫,付1押1,合租,龙华,嘉逸花园,龙华,精装修,15.6平方米,西北,高层(共23层),普通住宅,2019年6月12日,任*,打败了77.2%的同城经纪人
租房立省4000元美丽AAA花园家电齐全 拎包入住 急租急租,2305,2室1厅1卫,付1押1,合租,龙华,美丽AAA花园,龙华中心区,精装修,14.7平方米,东北,高层(共23层),普通住宅,2019年6月12日,陈*,打败了96.2%的同城经纪人
租房立省4000元幸福城出门就是地铁 精装带家私,2600,3室1厅1卫,付1押1,合租,龙华,幸福城(一期),清湖,精装修,32.4平方米,朝南,高层(共22层),普通住宅,2019年6月12日,苟**,打败了68%的同城经纪人
租房立省3000元金豪花园全新装修 品牌家电 看房随时,1550,3室1厅1卫,付1押1,合租,罗湖,金豪花园,笋岗,精装修,14.1平方米,朝南,低层(共17层),普通住宅,2019年6月11日,王**,打败了96.2%的同城经纪人
桃源村视野开阔 豪华装修 家电家具齐全塘朗城,1670,3室1厅1卫,付1押1,合租,南山,塘朗城,大学城,精装修,16.6平方米,朝西,中层(共14层),普通住宅,2019年6月12日,刘*,打败了68%的同城经纪人
租房立省4000元海欣花园包物业包网费 无中介,1550,3室1厅1卫,付1押1,合租,南山,海欣花园,蛇口,精装修,14.9平方米,朝南,低层(共19层),普通住宅,2019年6月12日,于*,打败了65.5%的同城经纪人
新园综合楼 可短租，精装修3房2厅，拎包住,1590,1室1厅1卫,付1押1,合租,宝安,新园综合楼,固戍,精装修,15.5平方米,朝北,高层(共23层),普通住宅,2019年6月12日,刘*,打败了68%的同城经纪人
首月0元住沙井荣泰园可短租可月付24管家服务,930,3室1厅1卫,付1押1,合租,宝安,荣泰园,沙井,精装修,15.3平方米,西北,低层(共19层),普通住宅,2019年6月12日,居**,打败了68%的同城经纪人
租房立省4000元莱蒙水榭春天一期精装全配房间精致且温馨,1625,2室1厅1卫,付1押1,合租,龙华,莱蒙水榭春天一二三期,莱蒙水榭春天,精装修,13.7平方米,朝西,高层(共19层),普通住宅,2019年6月12日,杨*,打败了77.2%的同城经纪人
租房立省3000元幸福里商超齐全 压一付一 随时看房,1970,3室1厅1卫,付1押1,合租,罗湖,幸福里,蔡屋围,精装修,13.8平方米,朝东,低层(共17层),普通住宅,2019年6月12日,刘*,打败了68%的同城经纪人
首月0元住横岗志健时代广场家电齐全 拎包入住 急租急租,2250,3室1厅1卫,付1押1,合租,龙岗,志健时代广场,横岗,精装修,17.1平方米,东南,中层(共14层),普通住宅,2019年6月11日,刘*,打败了68%的同城经纪人
租房立省4000元星河丹堤包物业包网费 无中介,905,3室1厅1卫,付1押1,合租,龙华,星河丹堤,龙华,精装修,13.7平方米,西北,高层(共25层),普通住宅,2019年6月12日,冉**,打败了91.1%的同城经纪人
房间干净整洁 室友容易相处 宝安中心有钥匙方便看房,2040,3室1厅1卫,付1押1,合租,宝安,宝佳苑,宝安中心区,精装修,15.8平方米,东南,中层(共17层),普通住宅,2019年6月12日,彭**,打败了77.2%的同城经纪人
中粮天悦壹号  精装蛋壳公寓 押一付一,1623,3室1厅1卫,付1押1,合租,宝安,中粮天悦壹号,新安,精装修,13.4平方米,朝南,低层(共17层),普通住宅,2019年6月12日,刘**,打败了92.4%的同城经纪人
租房立省4000元中航天逸正规三房 拎包入住 家电齐全,1880,3室1厅1卫,付1押1,合租,龙华,中航天逸,民治,精装修,23.1平方米,朝西,高层(共26层),普通住宅,2019年6月12日,刘*,打败了68%的同城经纪人
租房立省4000元天海花园高层飘窗近地铁生活便利,1235,2室1厅1卫,付1押1,合租,南山,天海花园,后海,精装修,14平方米,朝东,中层(共15层),普通住宅,2019年6月12日,姚**,打败了95.5%的同城经纪人
首月0元住清湖天玑公馆正规三房 拎包入住 家电齐全,1785,2室1厅1卫,付1押1,合租,龙华,天玑公馆,清湖,精装修,15.5平方米,朝东,中层(共16层),普通住宅,2019年6月12日,任*,打败了77.2%的同城经纪人
清湖立省2000元幸福城正规三房 拎包入住 家电齐全,1801,3室1厅1卫,付1押1,合租,龙华,幸福城(一期),清湖,精装修,11平方米,东南,高层(共20层),普通住宅,2019年6月12日,任*,打败了77.2%的同城经纪人
租房立省4000元润尔雅园套房直租随时看免中介商超齐全,2950,2室1厅1卫,付1押1,合租,南山,润尔雅园,后海,精装修,14.9平方米,东南,低层(共18层),普通住宅,2019年6月12日,赖**,打败了93.6%的同城经纪人
租房立省3000元白石龙二区商超齐全 压一付一 随时看房,1540,3室1厅1卫,付1押1,合租,龙华,白石龙二区,梅林关口,精装修,15.2平方米,西北,高层(共21层),普通住宅,2019年6月12日,丁**,打败了68%的同城经纪人
租房立省4000元广博星海华庭正规三房 拎包入住 家电齐全,2845,2室1厅1卫,付1押1,合租,南山,广博星海华庭,后海,精装修,16.2平方米,朝南,中层(共14层),普通住宅,2019年6月12日,赖**,打败了93.6%的同城经纪人
首月0元住桃源居康达尔山海上城950可短租可月付押一付一,950,2室1厅1卫,付1押1,合租,宝安,康达尔山海上城,西乡,精装修,14.8平方米,朝南,中层(共18层),普通住宅,2019年6月12日,王**,打败了77.2%的同城经纪人
立减2000中信花园精装带家私押一付一免中介,1970,3室1厅1卫,付1押1,合租,南山,中信花园,白石洲,精装修,17.2平方米,西南,中层(共18层),普通住宅,2019年6月12日,刘*,打败了68%的同城经纪人
租房立省4000元润泽大厦押一付一 精装公寓 无中介,1394,3室1厅1卫,付1押1,合租,龙华,润泽大厦,清湖,精装修,13.7平方米,朝南,高层(共26层),普通住宅,2019年6月12日,苟**,打败了68%的同城经纪人
租房立省1000元常兴花园白领公寓 实墙隔音好 家具齐全,1520,3室1厅1卫,付1押1,合租,南山,常兴花园,南山中心区,精装修,20.4平方米,朝西,中层(共28层),普通住宅,2019年6月12日,张**,打败了77.2%的同城经纪人
租房立省2000元碧海富通城一期独卫带阳台 家电齐全 无中介,1920,3室1厅1卫,付1押1,合租,宝安,缤纷世界,西乡,精装修,11.3平方米,朝西,高层(共26层),普通住宅,2019年6月12日,刘**,打败了74.2%的同城经纪人
租房立省4000元绿海名都包物业包网费 精装小区房 无中介,1220,2室1厅1卫,付1押1,合租,南山,绿海名都,前海,精装修,13.5平方米,东北,低层(共16层),普通住宅,2019年6月12日,徐*,打败了79.9%的同城经纪人
租房立省4000元天玑公馆出门就是地铁 精装带家私,2600,3室1厅1卫,付1押1,合租,龙华,天玑公馆,清湖,精装修,29.4平方米,朝南,高层(共24层),普通住宅,2019年6月12日,任*,打败了77.2%的同城经纪人
南头位置好 交通便利 小区管理严格 户型方正 全齐出租,1467,3室1厅1卫,付1押1,合租,南山,缤纷年华,南头,精装修,10.8平方米,朝东,中层(共18层),普通住宅,2019年6月12日,刘*,打败了68%的同城经纪人
租房立省4000元鸿荣源壹成中心花园全新装修 品牌家电 看房,1680,3室1厅1卫,付1押1,合租,龙华,鸿荣源壹成中心花园,龙华,精装修,15.1平方米,朝南,中层(共28层),普通住宅,2019年6月12日,王*,打败了71.6%的同城经纪人
租房立省3000元桃苑新村白领公寓 实墙隔音好 家具齐全,1251,3室1厅1卫,付1押1,合租,龙华,桃苑新村,龙华中心区,精装修,10.8平方米,朝南,低层(共14层),普通住宅,2019年6月12日,孙*,打败了82.4%的同城经纪人
租房立省1000元荔园大厦近地铁，环境优美，拎包入住,1551,3室1厅1卫,付1押1,合租,南山,荔园大厦,南山中心区,精装修,18.1平方米,朝北,中层(共26层),普通住宅,2019年6月12日,张**,打败了77.2%的同城经纪人
民治立省2000元梅花山庄家电齐全 拎包入住 急租急租,990,3室1厅1卫,付1押1,合租,龙华,梅花山庄(别墅),民治,精装修,13.9平方米,朝东,中层(共12层),普通住宅,2019年6月12日,陆*,打败了71.6%的同城经纪人
租房立省3000元清泉大厦高层采光视野好 交通生活便利,970,3室1厅1卫,付1押1,合租,龙华,清泉大厦,清湖,精装修,12.9平方米,东南,低层(共16层),普通住宅,2019年6月12日,朱*,打败了71.6%的同城经纪人
租房立省1000元海岸明珠包物业包网费 精装小区房 无中介,1780,3室1厅1卫,付1押1,合租,南山,海岸明珠,南油,精装修,13.8平方米,东北,高层(共20层),普通住宅,2019年6月12日,张**,打败了77.2%的同城经纪人
首月0元住八卦岭笔架山花园家电齐全 拎包入住 急租急租,2090,3室1厅1卫,付1押1,合租,福田,乐山居,笔架山,精装修,13.3平方米,朝北,中层(共15层),普通住宅,2019年6月12日,刘*,打败了68%的同城经纪人
租房立省3000元城中雅苑精装带家电 出门公交车站,2550,3室1厅1卫,付1押1,合租,福田,城中雅苑,福田中心,精装修,25.8平方米,朝北,低层(共30层),普通住宅,2019年6月12日,刘*,打败了68%的同城经纪人
租房立省3000元中海华庭家电齐全 拎包入住 急租急租,2550,3室1厅1卫,付1押1,合租,福田,中海华庭,福田中心,精装修,30平方米,朝东,低层(共29层),普通住宅,2019年6月11日,刘*,打败了68%的同城经纪人
租房立省3000元公交集团宿舍全新家电给你个温馨的窝,1340,3室1厅1卫,付1押1,合租,罗湖,公交集团宿舍,草埔,精装修,13.7平方米,朝东,中层(共12层),普通住宅,2019年6月12日,刘*,打败了68%的同城经纪人
首月0元住固戍中信可短租可月付押一付一领包入住,1460,3室1厅1卫,付1押1,合租,宝安,领航里程花园(中信领航城一期),领航城,精装修,13平方米,朝南,低层(共15层),普通住宅,2019年6月12日,黄**,打败了68%的同城经纪人
租房立省3000元雅云轩精装全配房间精致且温馨,2690,3室1厅1卫,付1押1,合租,福田,雅云轩,石厦,精装修,27.5平方米,朝北,高层(共20层),普通住宅,2019年6月12日,陈**,打败了88%的同城经纪人
深大北门东方银座公馆豪华装修 管家式服务 百兆网络 随时入住,2182,3室1厅1卫,付1押1,合租,南山,东方银座公馆,前海,精装修,18.9平方米,朝南,低层(共11层),普通住宅,2019年6月12日,刘*,打败了68%的同城经纪人
租房立省4000元名商园高档花园小区家私齐全,1342,3室1厅1卫,付1押1,合租,南山,名商园,华侨城,精装修,21平方米,东南,低层(共22层),普通住宅,2019年6月12日,夏**,打败了77.2%的同城经纪人
立减2000浅水湾精装带家私押一付一免中介,1550,1室1厅1卫,付1押1,合租,南山,卓越浅水湾,科技园,精装修,16.2平方米,东南,低层(共20层),普通住宅,2019年6月12日,刘*,打败了68%的同城经纪人
首月0元住固戍南航明珠1990可短租可月付押一付一,1990,3室1厅1卫,付1押1,合租,宝安,南航明珠花园,西乡,精装修,13平方米,东北,低层(共17层),普通住宅,2019年6月12日,罗**,打败了71.6%的同城经纪人
南山周边天悦园小区环境安静 精装修单间 拎包入住,1500,3室1厅1卫,付1押1,合租,南山,天悦园,海岸城,精装修,14.6平方米,朝西,高层(共23层),普通住宅,2019年6月12日,罗**,打败了84.3%的同城经纪人
立减2000富联公寓精装带家私押一付一免中介,1490,3室1厅1卫,付1押1,合租,龙华,富联公寓,美丽365花园,精装修,14.4平方米,西南,低层(共15层),普通住宅,2019年6月12日,刘*,打败了68%的同城经纪人
租房立省4000元前海时代全新家电给你个温馨的窝,1820,2室1厅1卫,付1押1,合租,南山,前海时代,前海,精装修,14.1平方米,朝东,中层(共14层),普通住宅,2019年6月12日,居**,打败了68%的同城经纪人
白石洲小区配套齐全 楼层好 视野广阔 采光好 空气质量好,1700,3室1厅1卫,付1押1,合租,南山,美庐锦园,白石洲,精装修,19.6平方米,西北,高层(共23层),普通住宅,2019年6月12日,张*,打败了74.2%的同城经纪人
南山周边桂庙花园小区环境安静 精装修单间 拎包入住,1090,3室1厅1卫,付1押1,合租,南山,桂庙花园,南山中心区,精装修,14.1平方米,西南,高层(共24层),普通住宅,2019年6月12日,罗**,打败了84.3%的同城经纪人
租房立省2000元瑞河耶纳高层采光视野好 交通生活便利,2610,3室1厅1卫,付1押1,合租,南山,瑞河耶纳(汀兰鹭榭花园),华侨城,精装修,24.7平方米,东北,中层(共17层),普通住宅,2019年6月12日,姚**,打败了95.5%的同城经纪人
迎朝大厦 电梯高层 大面积 大客厅 主卧 次卧,1940,1室1厅1卫,付1押1,合租,南山,迎朝大厦,蛇口,精装修,17.5平方米,西北,高层(共24层),普通住宅,2019年6月12日,刘*,打败了68%的同城经纪人
坂田立省3000元泓瀚苑商超齐全 压一付一 随时看房,2390,3室1厅1卫,付1押1,合租,龙岗,泓瀚苑,坂田,精装修,20.7平方米,西北,中层(共16层),普通住宅,2019年6月12日,梁**,打败了77.2%的同城经纪人
租房立省4000元前海时代高层采光视野好 交通生活便利,1900,2室1厅1卫,付1押1,合租,南山,前海时代,前海,精装修,14.9平方米,东南,低层(共18层),普通住宅,2019年6月12日,居**,打败了68%的同城经纪人
立减2000 梅林海关生活区 精装 押一付一 免中介,2190,3室1厅1卫,付1押1,合租,福田,梅林海关生活区,莲花一村,精装修,22.9平方米,西南,高层(共19层),普通住宅,2019年6月12日,刘*,打败了68%的同城经纪人
首月0元住桃源居康达尔山海上城950可短租可月付押一付一,950,2室1厅1卫,付1押1,合租,宝安,康达尔山海上城,西乡,精装修,14.8平方米,朝南,中层(共18层),普通住宅,2019年6月12日,王**,打败了77.2%的同城经纪人
首月0元住桃园南侨花园1585管家服务高性价比大主卧,1585,3室1厅1卫,付1押1,合租,南山,南侨花园,南山医院,精装修,19.4平方米,朝南,低层(共21层),普通住宅,2019年6月12日,居**,打败了68%的同城经纪人
龙珠花园，停车方便，家具齐全，干净整洁，拎包入住,1610,3室1厅1卫,付1押1,合租,布吉,龙珠花园,布吉关,精装修,14.3平方米,朝南,高层(共21层),普通住宅,2019年6月12日,刘*,打败了68%的同城经纪人
首月0元住南山南山中心区现代城华庭可短租可月付押一付一,1480,3室1厅1卫,付1押1,合租,南山,现代城华庭,南山中心区,精装修,16.3平方米,东北,低层(共18层),普通住宅,2019年6月12日,韩**,打败了74.2%的同城经纪人
金达花园后瑞地铁口，小区环境好，紧邻地铁口，交通便利,1795,3室1厅1卫,付1押1,合租,南山,海晖大厦,南油,精装修,14.1平方米,朝西,低层(共16层),普通住宅,2019年6月12日,杨**,打败了77.2%的同城经纪人
租房立省4000元苏豪名厦高层飘窗近地铁生活便利,1840,3室1厅1卫,付1押1,合租,南山,苏豪名厦,南头,精装修,17.8平方米,朝北,低层(共21层),普通住宅,2019年6月12日,杨*,打败了68%的同城经纪人
水湾1979小区安静怡人 适合居住 精装全齐拎包住蛇口,1100,1室1厅1卫,付1押1,合租,南山,水湾1979,蛇口,精装修,13.5平方米,朝西,中层(共15层),普通住宅,2019年6月12日,夏**,打败了77.2%的同城经纪人
租房立省2000元南光城市花园家电齐全 拎包入住 急租急租,1440,2室1厅1卫,付1押1,合租,南山,南光城市花园,南山中心区,精装修,14平方米,东南,中层(共12层),普通住宅,2019年6月11日,黄**,打败了68%的同城经纪人
租房立省4000元中航天逸精装好房 先到先得  月付,2160,3室1厅1卫,付1押1,合租,龙华,中航天逸,民治,精装修,17.5平方米,东南,低层(共20层),普通住宅,2019年6月12日,魏*,打败了65.5%的同城经纪人
租房立省4000元世界花园香山居商超齐全 压一付一 随时看房,1347,3室1厅1卫,付1押1,合租,南山,世界花园香山居,华侨城,精装修,18.9平方米,朝西,低层(共22层),普通住宅,2019年6月12日,夏**,打败了77.2%的同城经纪人
首月0元住固戍中信2805可短租可月付,2805,3室1厅1卫,付1押1,合租,宝安,领航里程花园(中信领航城一期),领航城,精装修,18.2平方米,朝东,中层(共16层),普通住宅,2019年6月12日,刘*,打败了68%的同城经纪人
租房立省4000元仓前锦福苑精装带家电 出门公交车站,1743,3室1厅1卫,付1押1,合租,南山,仓前锦福苑(南区),南山中心区,精装修,17.5平方米,东南,高层(共28层),普通住宅,2019年6月12日,陈**,打败了88%的同城经纪人
租房立省4000元新乐村六巷1号小区包物业包网费 精装小区房,2990,1室1厅1卫,付1押1,合租,宝安,新乐村六巷1号小区,西乡,精装修,22.5平方米,西北,高层(共20层),普通住宅,2019年6月12日,刘*,打败了71.6%的同城经纪人
租房立省4000元宝湖新村正规三房 拎包入住 家电齐全,1410,3室1厅1卫,付1押1,合租,龙华,宝湖新村,清湖,精装修,11.8平方米,朝南,低层(共14层),普通住宅,2019年6月12日,苟**,打败了68%的同城经纪人
租房立省4000元鼎尚时代包物业包网费 精装小区房 无中介,2740,1室1厅1卫,付1押1,合租,宝安,鼎尚时代,固戍,精装修,27.6平方米,朝北,高层(共24层),普通住宅,2019年6月12日,刘*,打败了71.6%的同城经纪人
租房立省2000元龙坤居家电齐全 拎包入住 急租急租,1410,2室1厅1卫,付1押1,合租,南山,龙坤居,南油,精装修,15.8平方米,西北,低层(共8层),普通住宅,2019年6月12日,黄**,打败了68%的同城经纪人
南山周边配套完善 有电梯 户型方正 采光足 宜居住,1100,3室1厅1卫,付1押1,合租,南山,桂庙花园,南山中心区,精装修,16.2平方米,东北,中层(共17层),普通住宅,2019年6月12日,罗**,打败了84.3%的同城经纪人
典雅居 高立减3000 紧邻地铁 家具全新,1550,3室1厅1卫,付1押1,合租,罗湖,典雅居,翠竹,精装修,11.7平方米,西南,中层(共12层),普通住宅,2019年6月12日,刘*,打败了68%的同城经纪人
租房立省2000元中信红树湾精装好房 先到先得  月付,2510,3室1厅1卫,付1押1,合租,南山,中信红树湾(南区),华侨城,精装修,27.3平方米,东南,中层(共12层),普通住宅,2019年6月12日,姚**,打败了95.5%的同城经纪人
科技园三十六区  精装蛋壳公寓 押一付一,1910,3室1厅1卫,付1押1,合租,南山,科苑花园,科技园,精装修,17.6平方米,朝东,低层(共18层),普通住宅,2019年6月12日,苏**,打败了74.2%的同城经纪人
租房立省4000元西丽工业区套房直租随时看免中介商超齐全,2830,3室1厅1卫,付1押1,合租,南山,西丽工业区,西丽,精装修,31.9平方米,朝东,中层(共14层),普通住宅,2019年6月12日,余*,打败了68%的同城经纪人
首月0租金，一年省2.5个月 这里交通便利  阳台房 房间实,2390,3室1厅1卫,付1押1,合租,龙华,万科金域华府,龙华,精装修,26.2平方米,朝东,中层(共17层),普通住宅,2019年6月12日,张*,打败了74.2%的同城经纪人
租房立省4000元珑御府包物业包网费 精装小区房 无中介,1560,3室1厅1卫,付1押1,合租,南山,珑御府,科苑,精装修,14.6平方米,朝东,低层(共19层),普通住宅,2019年6月12日,刘*,打败了68%的同城经纪人
首月0元住清湖地铁口美丽365花园1830可短租押一付一,1830,3室1厅1卫,付1押1,合租,龙华,美丽365花园,美丽365花园,精装修,16.5平方米,朝北,低层(共17层),普通住宅,2019年6月12日,陈**,打败了88%的同城经纪人
南向采光足 全齐出租 拎包即住 室友易相处南头,1590,3室1厅1卫,付1押1,合租,南山,阳光里雅居,南山中心区,精装修,17.3平方米,西北,中层(共15层),普通住宅,2019年6月12日,赖**,打败了93.6%的同城经纪人
首月0元住固戍地铁口中信1460可短租押一付一,1460,3室1厅1卫,付1押1,合租,宝安,领航里程花园(中信领航城一期),领航城,精装修,14.7平方米,朝南,低层(共17层),普通住宅,2019年6月12日,黄**,打败了68%的同城经纪人
南头低调中尽显奢华 南向采光足 全齐出租 方便看房,1355,3室1厅1卫,付1押1,合租,南山,四季丽晶,前海,精装修,18.7平方米,东北,高层(共23层),普通住宅,2019年6月12日,罗**,打败了71.6%的同城经纪人
租房立省3000元星河锦居出门就是地铁 精装带家私,2550,3室1厅1卫,付1押1,合租,福田,星河锦居,沙尾,精装修,22.5平方米,朝北,低层(共26层),普通住宅,2019年6月11日,刘*,打败了68%的同城经纪人
首月0元住桃源居中信可短租可月付24管家服务,950,2室1厅1卫,付1押1,合租,宝安,领航里程花园(中信领航城一期),领航城,精装修,13.2平方米,东北,低层(共15层),普通住宅,2019年6月12日,杨**,打败了74.2%的同城经纪人
租房立省4000元深航幸福花园全新装修 品牌家电 看房随时,1600,3室1厅1卫,付1押1,合租,宝安,深航幸福花园,福永,精装修,11.9平方米,东北,低层(共14层),普通住宅,2019年6月12日,刘*,打败了68%的同城经纪人
租房立省4000元鸿荣源壹成中心花园月付 包物业费网费 无中,1060,3室1厅1卫,付1押1,合租,龙华,鸿荣源壹成中心花园,龙华,精装修,12.8平方米,朝东,低层(共14层),普通住宅,2019年6月12日,何*,打败了74.2%的同城经纪人
租房立省3000元东环二路1号小区押一付一 精装公寓 无中介,1920,3室1厅1卫,付1押1,合租,龙华,东环二路1号小区,民治,精装修,18.2平方米,东北,低层(共19层),普通住宅,2019年6月12日,唐*,打败了68%的同城经纪人
租房立省3000元益强居正规三房 拎包入住 家电齐全,1560,3室1厅1卫,付1押1,合租,福田,益强居,益田村,精装修,13.5平方米,西北,中层(共17层),普通住宅,2019年6月12日,许**,打败了71.6%的同城经纪人
租房立省4000元新乐社区月付 包物业费网费 无中介,2145,2室1厅1卫,付1押1,合租,宝安,新乐社区,宝安中心区,精装修,13.7平方米,西北,低层(共16层),普通住宅,2019年6月12日,刘**,打败了77.2%的同城经纪人
莱蒙水榭春天 中间楼层 精装三房 环境舒适 业主直租,1260,3室1厅1卫,付1押1,合租,龙华,莱蒙水榭春天一二三期,莱蒙水榭春天,精装修,13.4平方米,东北,中层(共14层),普通住宅,2019年6月12日,刘*,打败了68%的同城经纪人
首月0元住清湖美丽365花园可短租可月付24管家服务,1960,3室1厅1卫,付1押1,合租,龙华,美丽365花园,美丽365花园,精装修,18.7平方米,西北,低层(共19层),普通住宅,2019年6月12日,陈**,打败了88%的同城经纪人
租房立省4000元美丽AAA花园包物业包网费 无中介,2305,2室1厅1卫,付1押1,合租,龙华,美丽AAA花园,龙华中心区,精装修,14.4平方米,朝南,中层(共14层),普通住宅,2019年6月12日,李**,打败了82.4%的同城经纪人
租房立省4000元日出印象正规三房 拎包入住 家电齐全,1080,3室1厅1卫,付1押1,合租,龙华,日出印象(B区),民治,精装修,26.6平方米,朝西,中层(共20层),普通住宅,2019年6月12日,陆*,打败了71.6%的同城经纪人
梅林关口悦景苑全齐出租 拎包即住 有钥匙看房方便,1780,3室1厅1卫,付1押1,合租,龙华,悦景苑,梅林关口,精装修,15平方米,东北,中层(共18层),普通住宅,2019年6月12日,刘*,打败了71.6%的同城经纪人
租房立省2000元南海玫瑰花园精装好房 先到先得 月付,1830,3室1厅1卫,付1押1,合租,南山,南海玫瑰花园(一期),蛇口,精装修,17.1平方米,西北,高层(共23层),普通住宅,2019年6月12日,刘*,打败了68%的同城经纪人
租房立省3000元金穗居独卫带阳台 家电齐全 无中介,1325,3室1厅1卫,付1押1,合租,罗湖,金穗居,草埔,精装修,14.2平方米,朝北,中层(共14层),普通住宅,2019年6月8日,任*,打败了77.2%的同城经纪人
租房立省4000元金凤凰豪苑独卫带阳台 家电齐全 无中介,880,3室1厅1卫,付1押1,合租,龙华,金凤凰豪苑,清湖,精装修,12平方米,西南,低层(共14层),普通住宅,2019年6月12日,陈**,打败了84.3%的同城经纪人
租房立省4000元浩铭财富广场民水电 免中介 拎包入住,1900,3室1厅1卫,付1押1,合租,福田,浩铭财富广场,荔枝公园,精装修,23.1平方米,朝南,高层(共20层),普通住宅,2019年6月12日,刘*,打败了68%的同城经纪人
高端住宅小区 生活气息浓 采光好 家电家具全新 可月租可做饭,2164,3室1厅1卫,付1押1,合租,南山,豪方现代豪园,科技园,精装修,19.8平方米,朝东,低层(共11层),普通住宅,2019年6月12日,刘*,打败了68%的同城经纪人
租房立省4000元前海时代全新家电给你个温馨的窝,1820,2室1厅1卫,付1押1,合租,南山,前海时代,前海,精装修,14.1平方米,朝东,中层(共14层),普通住宅,2019年6月12日,居**,打败了68%的同城经纪人
租房立省4000元鸿荣源壹成中心花园全新装修 品牌家电 看房,1680,3室1厅1卫,付1押1,合租,龙华,鸿荣源壹成中心花园,龙华,精装修,15.1平方米,朝南,中层(共28层),普通住宅,2019年6月12日,王*,打败了71.6%的同城经纪人
新天地名居 可短租，精装修3房2厅，拎包住,1830,3室1厅1卫,付1押1,合租,罗湖,新天地名居,黄贝岭,精装修,15.4平方米,东北,低层(共18层),普通住宅,2019年6月12日,刘*,打败了68%的同城经纪人
租房立省4000元富通天骏商超齐全 压一付一 随时看房,2335,2室1厅1卫,付1押1,合租,龙华,富通天骏,龙华,精装修,14.4平方米,朝北,低层(共16层),普通住宅,2019年6月12日,霍**,打败了63.2%的同城经纪人
民治立省2000元梅花山庄家电齐全 拎包入住 急租急租,990,3室1厅1卫,付1押1,合租,龙华,梅花山庄(别墅),民治,精装修,13.9平方米,朝东,中层(共12层),普通住宅,2019年6月12日,陆*,打败了71.6%的同城经纪人
环境优美 豪华装修 家电家具齐全 商超齐全龙华中心区幸福城,1680,3室1厅1卫,付1押1,合租,龙华,幸福城(一期),清湖,精装修,18.5平方米,朝西,中层(共13层),普通住宅,2019年6月12日,任*,打败了77.2%的同城经纪人
首月0元住桃园南侨花园1585管家服务高性价比大主卧,1585,3室1厅1卫,付1押1,合租,南山,南侨花园,南山医院,精装修,19.4平方米,朝南,低层(共21层),普通住宅,2019年6月12日,居**,打败了68%的同城经纪人
租房立省4000元金地上塘道精装好房 先到先得  月付,2500,3室1厅1卫,付1押1,合租,龙华,金地上塘道(一期),龙华,精装修,23平方米,朝北,中层(共17层),普通住宅,2019年6月12日,刘**,打败了71.6%的同城经纪人
首月0元住清湖保利悦都花园正规三房 拎包入住 家电齐全,1710,2室1厅1卫,付1押1,合租,龙华,保利悦都,清湖,精装修,16.1平方米,东南,中层(共15层),普通住宅,2019年6月12日,任*,打败了77.2%的同城经纪人
龙华中心区停车方便 户型方正 采光足 精装全齐拎包即住,1990,3室1厅1卫,付1押1,合租,龙华,捷殷翰庭,龙华中心区,精装修,15.3平方米,东北,低层(共20层),普通住宅,2019年6月12日,任*,打败了77.2%的同城经纪人
首月0元住固戍南航明珠1990可短租可月付押一付一,1990,3室1厅1卫,付1押1,合租,宝安,南航明珠花园,西乡,精装修,13平方米,东北,低层(共17层),普通住宅,2019年6月12日,罗**,打败了71.6%的同城经纪人
租房立省4000元东怡楼包物业包网费 精装小区房 无中介,1800,2室1厅1卫,付1押1,合租,南山,东怡楼,蛇口,精装修,14.9平方米,西北,高层(共19层),普通住宅,2019年6月12日,雷*,打败了74.2%的同城经纪人
租房立省4000元富联公寓家电齐全 拎包入住 急租急租,910,3室1厅1卫,付1押1,合租,龙华,富联公寓,美丽365花园,精装修,10.5平方米,朝东,低层(共13层),普通住宅,2019年6月12日,居**,打败了68%的同城经纪人
赛格新城市广场 紧邻地铁，押一付一 蛋壳公寓,2250,1室1厅1卫,付1押1,合租,布吉,赛格新城市广场,上水径,精装修,12.7平方米,东南,低层(共12层),普通住宅,2019年6月11日,王*,打败了71.6%的同城经纪人
租房立省1000元常兴花园白领公寓 实墙隔音好 家具齐全,1520,3室1厅1卫,付1押1,合租,南山,常兴花园,南山中心区,精装修,20.4平方米,朝西,中层(共28层),普通住宅,2019年6月12日,张**,打败了77.2%的同城经纪人
南向采光足 全齐出租 拎包即住 室友易相处桃源村,1600,3室1厅1卫,付1押1,合租,南山,天地峰景园,桃源村,精装修,16.2平方米,西南,高层(共21层),普通住宅,2019年6月12日,刘*,打败了68%的同城经纪人
首月0元住蔡屋围宝泉庄独卫带阳台 家电齐全 无中介,2330,3室1厅1卫,付1押1,合租,罗湖,宝泉庄,笋岗,精装修,11.8平方米,朝北,低层(共16层),普通住宅,2019年6月12日,刘*,打败了68%的同城经纪人
租房立省4000元佳和苑精装带家电 出门公交车站,2600,3室1厅1卫,付1押1,合租,龙华,佳和苑,清湖,精装修,30.3平方米,朝南,中层(共19层),普通住宅,2019年6月12日,苟**,打败了68%的同城经纪人
首月0元住固戍中信可短租可月付押一付一领包入住,1390,3室1厅1卫,付1押1,合租,宝安,领航里程花园(中信领航城一期),领航城,精装修,12.8平方米,朝北,低层(共15层),普通住宅,2019年6月12日,黄**,打败了68%的同城经纪人
租房立省3000元益强居商超齐全 压一付一 随时看房,2120,3室1厅1卫,付1押1,合租,福田,益强居,益田村,精装修,20.9平方米,东北,高层(共23层),普通住宅,2019年6月12日,周*,打败了84.3%的同城经纪人
租房立省4000元恒裕滨城二期全新装修 品牌家电 看房随时,2990,2室1厅1卫,付1押1,合租,南山,恒裕滨城二期,后海,精装修,14.9平方米,朝东,中层(共17层),普通住宅,2019年6月12日,赖**,打败了93.6%的同城经纪人
紧靠地铁 生活配套齐全 无中介杂费 方形方正宽大 通透采光好,1560,3室1厅1卫,付1押1,合租,南山,幸福花园,大学城,精装修,16.6平方米,朝南,中层(共16层),普通住宅,2019年6月12日,刘*,打败了68%的同城经纪人
租房立省4000元中航天逸精装带家电 出门公交车站,1160,3室1厅1卫,付1押1,合租,龙华,中航天逸,民治,精装修,15平方米,朝北,低层(共20层),普通住宅,2019年6月12日,陆*,打败了71.6%的同城经纪人
租房立省4000元塘头村一坊高层飘窗近地铁生活便利,1497,3室1厅1卫,付1押1,合租,南山,塘头村一坊,华侨城,精装修,19.4平方米,东南,低层(共20层),普通住宅,2019年6月12日,夏**,打败了77.2%的同城经纪人
租房立省4000元金凤凰豪苑全新装修 品牌家电 看房随时,2600,3室1厅1卫,付1押1,合租,龙华,金凤凰豪苑,清湖,精装修,29.1平方米,朝南,中层(共20层),普通住宅,2019年6月12日,苟**,打败了68%的同城经纪人
租房立省4000元青年城邦园精装带家电 出门公交车站,2070,3室1厅1卫,付1押1,合租,龙华,青年城邦园,龙华,精装修,19.3平方米,朝西,中层(共27层),普通住宅,2019年6月12日,张**,打败了82.4%的同城经纪人
南头精装修拎包入住 花园式朝南阳光充分 管家服务可月付,1622,3室1厅1卫,付1押1,合租,南山,苏豪名厦,南头,精装修,10.9平方米,东南,高层(共20层),普通住宅,2019年6月12日,段**,打败了74.2%的同城经纪人
首月0元住蔡屋围大信大厦精装好房 先到先得 月付,2660,3室1厅1卫,付1押1,合租,罗湖,大信大厦,笋岗,精装修,13平方米,西北,中层(共18层),普通住宅,2019年6月12日,刘*,打败了68%的同城经纪人
租房立省4000元前海明珠正规三房 拎包入住 家电齐全,1220,2室1厅1卫,付1押1,合租,南山,前海明珠,前海,精装修,14平方米,东南,低层(共16层),普通住宅,2019年6月12日,徐*,打败了79.9%的同城经纪人
租房立省4000元前海时代押一付一 精装公寓 无中介,1860,2室1厅1卫,付1押1,合租,南山,前海时代,前海,精装修,15.2平方米,朝东,高层(共22层),普通住宅,2019年6月12日,居**,打败了68%的同城经纪人
租房立省4000元春树里商超齐全 压一付一 随时看房,1590,3室1厅1卫,付1押1,合租,南山,春树里,蛇口,精装修,16.2平方米,东南,低层(共20层),普通住宅,2019年6月12日,于*,打败了65.5%的同城经纪人
租房立省4000元金亨利都荟套房直租随时看免中介商超齐全,930,3室1厅1卫,付1押1,合租,龙华,金亨利都荟首府,民治,精装修,11.6平方米,东南,低层(共14层),普通住宅,2019年6月12日,丁**,打败了68%的同城经纪人
首月0元住固戍中信可短租高性价比大主卧等,1390,3室1厅1卫,付1押1,合租,宝安,领航里程花园(中信领航城一期),领航城,精装修,17.8平方米,西北,低层(共21层),普通住宅,2019年6月12日,黄**,打败了68%的同城经纪人
首月0元住清湖幸福城一期正规三房 拎包入住 家电齐全,1740,2室1厅1卫,付1押1,合租,龙华,幸福城(一期),清湖,精装修,14.4平方米,朝西,中层(共17层),普通住宅,2019年6月12日,任*,打败了77.2%的同城经纪人
租房立省4000元桦润馨居精装好房 先到先得  月付,2080,3室1厅1卫,付1押1,合租,龙华,桦润馨居,龙华,精装修,16.7平方米,东北,中层(共25层),普通住宅,2019年6月12日,张**,打败了82.4%的同城经纪人
租房立省4000元莱蒙水榭春天一期高层飘窗近地铁生活便利,1785,2室1厅1卫,付1押1,合租,龙华,莱蒙水榭春天一二三期,莱蒙水榭春天,精装修,15.6平方米,朝南,中层(共18层),普通住宅,2019年6月12日,杨*,打败了77.2%的同城经纪人
租房立省4000元下步庙南区独卫带阳台 家电齐全 无中介,1530,3室1厅1卫,付1押1,合租,福田,下步庙南区,赤尾,精装修,17.7平方米,东南,中层(共14层),普通住宅,2019年6月12日,许**,打败了71.6%的同城经纪人
租房立省4000元东方银座公馆高档花园小区家私齐全,2895,2室1厅1卫,付1押1,合租,南山,东方银座公馆,前海,精装修,14.9平方米,朝东,低层(共18层),普通住宅,2019年6月12日,居**,打败了68%的同城经纪人
首月0元住龙华地铁口优品建筑1830可短租押一付一,1830,3室1厅1卫,付1押1,合租,龙华,优品建筑,龙华,精装修,19.8平方米,朝北,低层(共19层),普通住宅,2019年6月12日,韩**,打败了74.2%的同城经纪人
租房立省3000元长城里程家园精装带家电 出门公交车站,955,3室1厅1卫,付1押1,合租,龙华,长城里程家园,民治,精装修,15.1平方米,东北,中层(共14层),普通住宅,2019年6月12日,刘*,打败了68%的同城经纪人
租房立省4000元鸿荣源壹成中心花园月付 包物业费网费 无中,1060,3室1厅1卫,付1押1,合租,龙华,鸿荣源壹成中心花园,龙华,精装修,12.8平方米,朝东,低层(共14层),普通住宅,2019年6月12日,何*,打败了74.2%的同城经纪人
丹枫白露城东1号，地铁口，豪华装修，直接拎包入住,2050,3室1厅1卫,付1押1,合租,罗湖,丹枫白露城东1号,黄贝岭,精装修,13.7平方米,朝南,低层(共15层),普通住宅,2019年6月12日,刘*,打败了68%的同城经纪人
立减2000振兴精装带家私押一付一免中介,2250,1室1厅1卫,付1押1,合租,南山,振兴小区,蛇口,精装修,20.8平方米,朝北,低层(共23层),普通住宅,2019年6月12日,刘*,打败了68%的同城经纪人
租房立省3000元世纪春城精装全配房间精致且温馨,920,3室1厅1卫,付1押1,合租,龙华,世纪春城(一期),龙华,精装修,15平方米,朝西,高层(共19层),普通住宅,2019年6月12日,刘*,打败了68%的同城经纪人
立减2000豪方悠然居精装带家私押一付一免中介,2200,1室1厅1卫,付1押1,合租,南山,豪方悠然居,蛇口,精装修,21.8平方米,朝西,低层(共23层),普通住宅,2019年6月12日,刘*,打败了68%的同城经纪人
租房立省4000元康华苑正规三房 拎包入住 家电齐全,2295,2室1厅1卫,付1押1,合租,龙华,康华苑,龙华,精装修,13.8平方米,朝南,中层(共16层),普通住宅,2019年6月12日,李**,打败了82.4%的同城经纪人
租房立省4000元椰树花园近地铁，环境优美，拎包入住,2850,3室1厅1卫,付1押1,合租,福田,椰树花园,上沙,精装修,12.2平方米,朝北,低层(共15层),普通住宅,2019年6月10日,刘*,打败了68%的同城经纪人
租房立省2000元茂恒园精装好房 先到先得 月付,2230,3室1厅1卫,付1押1,合租,福田,茂恒园,莲花一村,精装修,25.1平方米,朝东,高层(共24层),普通住宅,2019年6月12日,刘*,打败了68%的同城经纪人
立减2000祥祺花园精装带家私押一付一免中介,2000,3室1厅1卫,付1押1,合租,南山,祥祺花园,白石洲,精装修,18.2平方米,朝南,中层(共18层),普通住宅,2019年6月12日,刘*,打败了68%的同城经纪人
租房立省4000元东富龙花园商超齐全 压一付一 随时看房,2600,3室1厅1卫,付1押1,合租,龙华,东富龙花园,清湖,精装修,29.4平方米,朝南,中层(共20层),普通住宅,2019年6月12日,任*,打败了77.2%的同城经纪人
租房立省4000元半山海景兰溪谷高层飘窗近地铁生活便利,1650,3室1厅1卫,付1押1,合租,南山,半山海景兰溪谷(三期),蛇口,精装修,17.2平方米,西南,低层(共19层),普通住宅,2019年6月12日,于*,打败了65.5%的同城经纪人
民治立省2000元星河传奇出门就是地铁 精装带家私,999,3室1厅1卫,付1押1,合租,龙华,星河传奇,民治,精装修,15.4平方米,朝南,低层(共16层),普通住宅,2019年6月12日,刘*,打败了68%的同城经纪人
租房立省4000元锦绣御园独卫带阳台 家电齐全 无中介,955,3室1厅1卫,付1押1,合租,龙华,锦绣御园,龙华,精装修,14.3平方米,朝西,低层(共16层),普通住宅,2019年6月12日,唐*,打败了68%的同城经纪人
租房立省4000元日出印象精装好房 先到先得  月付,1860,3室1厅1卫,付1押1,合租,龙华,日出印象(B区),民治,精装修,26.9平方米,朝西,低层(共29层),普通住宅,2019年6月12日,刘*,打败了68%的同城经纪人
租房立省4000元华府苑全新装修 品牌家电 看房随时,1710,2室1厅1卫,付1押1,合租,南山,华府苑,前海,精装修,16.1平方米,西北,低层(共18层),普通住宅,2019年6月12日,徐*,打败了79.9%的同城经纪人
租房立省4000元中航天逸精装好房 先到先得  月付,2140,3室1厅1卫,付1押1,合租,龙华,中航天逸,民治,精装修,17.4平方米,朝东,低层(共18层),普通住宅,2019年6月12日,魏*,打败了65.5%的同城经纪人
首月0元住固戍万象新天可短租可月付押一付一领包入住,2270,3室1厅1卫,付1押1,合租,宝安,万象新天三期,固戍,精装修,11平方米,朝南,高层(共22层),普通住宅,2019年6月12日,姜*,打败了77.2%的同城经纪人
国展苑 押一付一 独立厨卫 家具家电全新 配套式服务,1620,3室1厅1卫,付1押1,合租,布吉,国展苑,布吉关,精装修,15.5平方米,朝南,低层(共17层),普通住宅,2019年6月12日,刘*,打败了68%的同城经纪人
租房立省4000元鸿荣源壹成中心花园精装全配房间精致且温馨,1730,3室1厅1卫,付1押1,合租,龙华,鸿荣源壹成中心花园,龙华,精装修,13.6平方米,朝北,低层(共22层),普通住宅,2019年6月12日,王*,打败了71.6%的同城经纪人
租房立省3000元翠珠小区出门就是地铁 精装带家私,1550,3室1厅1卫,付1押1,合租,罗湖,翠珠小区,翠竹,精装修,28.3平方米,东南,中层(共17层),普通住宅,2019年6月12日,刘*,打败了68%的同城经纪人
渔港大楼 寻找女生合租 楼梯四楼 家私齐 拎包入住,2290,1室1厅1卫,付1押1,合租,南山,渔港大楼,蛇口,精装修,20.6平方米,西北,低层(共24层),普通住宅,2019年6月12日,刘*,打败了68%的同城经纪人
租房立省4000元天海花园高层飘窗近地铁生活便利,1235,2室1厅1卫,付1押1,合租,南山,天海花园,后海,精装修,14平方米,朝东,中层(共15层),普通住宅,2019年6月12日,姚**,打败了95.5%的同城经纪人
梅林关口悦景苑全齐出租 拎包即住 有钥匙看房方便,1780,3室1厅1卫,付1押1,合租,龙华,悦景苑,梅林关口,精装修,15平方米,东北,中层(共18层),普通住宅,2019年6月12日,刘*,打败了71.6%的同城经纪人
租房立省3000元万科金域华府家电齐全 拎包入住 急租急租,920,3室1厅1卫,付1押1,合租,龙华,万科金域华府,龙华,精装修,12.2平方米,朝南,中层(共12层),普通住宅,2019年6月12日,隋**,打败了77.2%的同城经纪人
首月0元住南山南山中心区现代城华庭可短租可月付押一付一,1480,3室1厅1卫,付1押1,合租,南山,现代城华庭,南山中心区,精装修,16.3平方米,东北,低层(共18层),普通住宅,2019年6月12日,韩**,打败了74.2%的同城经纪人
租房立省4000元碧海天家园包物业包网费 精装小区房 无中介,1565,3室1厅1卫,付1押1,合租,南山,碧海天家园,海岸城,精装修,15.2平方米,西北,高层(共24层),普通住宅,2019年6月12日,刘**,打败了77.2%的同城经纪人
首月0元住黄贝岭海富花园家电齐全 拎包入住 急租急租,1960,3室1厅1卫,付1押1,合租,罗湖,海富花园,黄贝岭,精装修,13.6平方米,西南,中层(共15层),普通住宅,2019年6月12日,刘*,打败了68%的同城经纪人
首月0元住固戍中信2805可短租可月付,2805,3室1厅1卫,付1押1,合租,宝安,领航里程花园(中信领航城一期),领航城,精装修,18.2平方米,朝东,中层(共16层),普通住宅,2019年6月12日,刘*,打败了68%的同城经纪人
租房立省4000元星源雅苑近地铁，环境优美，拎包入住,980,3室1厅1卫,付1押1,合租,宝安,星源雅苑,沙井,精装修,15.3平方米,朝东,中层(共17层),普通住宅,2019年6月12日,刘*,打败了68%的同城经纪人
租房立省4000元前海时代高档花园小区家私齐全,1950,2室1厅1卫,付1押1,合租,南山,前海时代,前海,精装修,14.7平方米,东北,中层(共18层),普通住宅,2019年6月12日,居**,打败了68%的同城经纪人
南向采光足 全齐出租 拎包即住 室友易相处蛇口,1170,1室1厅1卫,付1押1,合租,南山,兰溪谷国际公寓,蛇口,精装修,13.2平方米,西北,中层(共13层),普通住宅,2019年6月12日,夏**,打败了77.2%的同城经纪人
后海光线通风都非常好 家电齐全全新 欢迎,1640,3室1厅1卫,付1押1,合租,南山,后海公馆,后海,精装修,14.6平方米,东北,中层(共14层),普通住宅,2019年6月12日,刘**,打败了74.2%的同城经纪人
租房立省4000元时代公寓高档花园小区家私齐全,2600,3室1厅1卫,付1押1,合租,龙华,大唐时代公寓,清湖,精装修,28.2平方米,朝南,中层(共19层),普通住宅,2019年6月12日,任*,打败了77.2%的同城经纪人
租房立省3000元新丰大厦精装全配房间精致且温馨,1550,3室1厅1卫,付1押1,合租,罗湖,新丰大厦,水库,精装修,10.9平方米,朝南,低层(共13层),普通住宅,2019年6月10日,李*,打败了94.7%的同城经纪人
租房立省3000元金地国际公寓家电齐全 拎包入住 急租急租,1590,3室1厅1卫,付1押1,合租,南山,金地国际公寓,科苑,精装修,19.1平方米,朝东,低层(共19层),普通住宅,2019年6月12日,居**,打败了68%的同城经纪人
西乡 兴裕花园 精装全配 押一付一 0中介 拎包住,1510,1室1厅1卫,付1押1,合租,宝安,兴裕花园,固戍,精装修,16.6平方米,东北,中层(共15层),普通住宅,2019年6月12日,刘*,打败了68%的同城经纪人
桃源村户型方正 朝南无遮挡 紧挨地铁超市 精装全齐,1600,3室1厅1卫,付1押1,合租,南山,大学城创客小镇,大学城,精装修,16.8平方米,朝南,高层(共23层),普通住宅,2019年6月12日,刘*,打败了68%的同城经纪人
租房立省3000元益强居商超齐全 压一付一 随时看房,2120,3室1厅1卫,付1押1,合租,福田,益强居,益田村,精装修,20.9平方米,东北,高层(共23层),普通住宅,2019年6月12日,周*,打败了84.3%的同城经纪人
租房立省4000元西丽工业区套房直租随时看免中介商超齐全,2830,3室1厅1卫,付1押1,合租,南山,西丽工业区,西丽,精装修,31.9平方米,朝东,中层(共14层),普通住宅,2019年6月12日,余*,打败了68%的同城经纪人
"华府馨居2室6600元好房出租,居住舒适,干净整洁,随时入住",6600,2室1厅1卫,付1押2,合租,福田,华府馨居,上梅林,简单装修,60平方米,朝南,中层(共11层),普通住宅,2019年6月12日,邱**,打败了86.1%的同城经纪人
租房立省4000元中信红树湾精装全配房间精致且温馨,1211,3室1厅1卫,付1押1,合租,南山,中信红树湾(南区),华侨城,精装修,13.1平方米,朝东,低层(共15层),普通住宅,2019年6月12日,夏**,打败了77.2%的同城经纪人
租房立省1000元南昌路86号小区包物业包网费 精装小区房,980,3室1厅1卫,付1押1,合租,宝安,南昌路86号小区,固戍,精装修,11.9平方米,朝南,中层(共28层),普通住宅,2019年6月12日,刘*,打败了68%的同城经纪人
租房立省4000元富联新村高层采光视野好 交通生活便利,2600,3室1厅1卫,付1押1,合租,龙华,富联新村,清湖,精装修,27.9平方米,朝南,高层(共24层),普通住宅,2019年6月12日,苟**,打败了68%的同城经纪人
南向采光足 全齐出租 拎包即住 室友易相处梅林关口,1510,3室1厅1卫,付1押1,合租,龙华,深国际万科悦城,梅林关口,精装修,16.2平方米,西北,中层(共15层),普通住宅,2019年6月12日,刘*,打败了71.6%的同城经纪人
租房立省4000元华翔居精装带家电 出门公交车站,2110,3室1厅1卫,付1押1,合租,宝安,华翔居,宝安中心区,精装修,14.4平方米,西北,中层(共14层),普通住宅,2019年6月12日,彭**,打败了77.2%的同城经纪人
首月0元住清湖美丽365花园正规三房 拎包入住 家电齐全,1765,2室1厅1卫,付1押1,合租,龙华,美丽365花园,美丽365花园,精装修,16.1平方米,朝北,中层(共14层),普通住宅,2019年6月12日,任*,打败了77.2%的同城经纪人
租房立省4000元名商园高档花园小区家私齐全,1342,3室1厅1卫,付1押1,合租,南山,名商园,华侨城,精装修,21平方米,东南,低层(共22层),普通住宅,2019年6月12日,夏**,打败了77.2%的同城经纪人
租房立省4000元侨城尚寓近地铁，环境优美，拎包入住,3320,2室1厅1卫,付1押1,合租,南山,侨城尚寓,华侨城,精装修,14.1平方米,东南,低层(共17层),普通住宅,2019年6月12日,刘*,打败了68%的同城经纪人
租房立省2000元南海玫瑰花园家电齐全 拎包入住 急租急租,1600,3室1厅1卫,付1押1,合租,南山,南海玫瑰花园(一期),蛇口,精装修,18.5平方米,东南,高层(共25层),普通住宅,2019年6月12日,雷*,打败了74.2%的同城经纪人
首月0元住蔡屋围天元大厦精装带家电 出门公交车站,2300,3室1厅1卫,付1押1,合租,罗湖,天元大厦,蔡屋围,精装修,17.5平方米,朝东,低层(共19层),普通住宅,2019年6月12日,刘*,打败了68%的同城经纪人
租房立省4000元蓬莱花园商超齐全 压一付一 随时看房,1265,3室1厅1卫,付1押1,合租,南山,蓬莱花园,后海,精装修,16.2平方米,朝北,低层(共18层),普通住宅,2019年6月12日,倪*,打败了95.5%的同城经纪人
租房立省4000元东环二路1号小区高层采光视野好 交通生活便,970,3室1厅1卫,付1押1,合租,龙华,东环二路1号小区,民治,精装修,12.6平方米,东南,低层(共14层),普通住宅,2019年6月12日,丁**,打败了68%的同城经纪人
租房立省4000元前海时代近地铁，环境优美，拎包入住,1855,2室1厅1卫,付1押1,合租,南山,前海时代,前海,精装修,14.4平方米,朝南,中层(共18层),普通住宅,2019年6月12日,居**,打败了68%的同城经纪人
租房立省4000元中环花园独卫带阳台 家电齐全 无中介,2320,2室1厅1卫,付1押1,合租,龙华,中环花园,龙华,精装修,14.9平方米,朝北,低层(共9层),普通住宅,2019年6月12日,李**,打败了82.4%的同城经纪人
南油精装修拎包入住 花园式朝南阳光充分 管家服务可月付,1620,4室1厅1卫,付1押1,合租,南山,南海大厦,南山中心区,精装修,11平方米,朝南,中层(共31层),普通住宅,2019年6月11日,于*,打败了65.5%的同城经纪人
南头房屋干净整洁 精装修 家电齐全 宽敞明亮 布局大方,1743,3室1厅1卫,付1押1,合租,南山,仓前锦福苑(南区),南山中心区,精装修,19.2平方米,东南,高层(共30层),普通住宅,2019年6月12日,赖**,打败了93.6%的同城经纪人
租房立省3000元华盛领寓高层采光视野好 交通生活便利,2180,3室1厅1卫,付1押1,合租,福田,华盛领寓,景田,精装修,20.9平方米,西南,高层(共19层),普通住宅,2019年6月12日,刘*,打败了68%的同城经纪人
租房立省2000元富泉新村家电齐全 拎包入住 急租急租,1071,3室1厅1卫,付1押1,合租,龙华,富泉新村,清湖,精装修,10.7平方米,朝南,高层(共25层),普通住宅,2019年6月12日,朱*,打败了71.6%的同城经纪人
租房立省3000元天悦园高层飘窗近地铁生活便利,2320,3室1厅1卫,付1押1,合租,南山,天悦园,海岸城,精装修,19.6平方米,朝东,中层(共15层),普通住宅,2019年6月12日,刘*,打败了68%的同城经纪人
租房立省4000元乐安大厦精装全配房间精致且温馨,1565,3室1厅1卫,付1押1,合租,龙华,乐安大厦,清湖,精装修,11.5平方米,朝东,低层(共13层),普通住宅,2019年6月12日,熊*,打败了92.4%的同城经纪人
首月0元住松岗松河瑞园可短租可月付24管家服务,1000,3室1厅1卫,付1押1,合租,宝安,松河瑞园,松岗,精装修,16.2平方米,朝东,高层(共25层),普通住宅,2019年6月12日,居**,打败了68%的同城经纪人
首月0元住桃园常兴广场可短租可月付楼层好停车位充足,1690,3室1厅1卫,付1押1,合租,南山,常兴时代广场,南头,精装修,18.7平方米,朝南,低层(共21层),普通住宅,2019年6月12日,居**,打败了68%的同城经纪人
首月0元住清湖美丽365花园24管家服务高性价比大主卧,1860,3室1厅1卫,付1押1,合租,龙华,美丽365花园,美丽365花园,精装修,18.7平方米,朝北,低层(共19层),普通住宅,2019年6月12日,陈**,打败了88%的同城经纪人
首月0元住翻身路常盛花园可短租可月付押一付一领包入住,1870,3室1厅1卫,付1押1,合租,宝安,常盛花园,翻身路,精装修,18.9平方米,朝北,低层(共21层),普通住宅,2019年6月12日,林**,打败了71.6%的同城经纪人
鑫竹苑，停车方便，家具齐全，干净整洁，拎包入住,2550,3室1厅1卫,付1押1,合租,福田,鑫竹苑,竹子林,精装修,12.1平方米,朝西,低层(共12层),普通住宅,2019年6月12日,刘*,打败了68%的同城经纪人
首月0元住南油钜建大厦可短租可月付24管家服务,1615,3室1厅1卫,付1押1,合租,南山,钜建大厦,南油,精装修,12.5平方米,东北,低层(共15层),普通住宅,2019年6月12日,何*,打败了74.2%的同城经纪人
租房立省4000元苏豪名厦高层飘窗近地铁生活便利,1840,3室1厅1卫,付1押1,合租,南山,苏豪名厦,南头,精装修,17.8平方米,朝北,低层(共21层),普通住宅,2019年6月12日,杨*,打败了68%的同城经纪人
配套完善 有电梯 户型方正 采光足 宜居住松岗,910,3室1厅1卫,付1押1,合租,宝安,御溪城,松岗,精装修,13.1平方米,朝南,高层(共21层),普通住宅,2019年6月12日,彭**,打败了77.2%的同城经纪人
花样年花好园 中间楼层 精装三房 环境舒适 业主直租,2050,3室1厅1卫,付1押1,合租,福田,花样年花好园,下沙,精装修,20.8平方米,西北,中层(共18层),普通住宅,2019年6月12日,刘*,打败了68%的同城经纪人
首月0元住新安新锦安雅园2090可短租可月付,2090,3室1厅1卫,付1押1,合租,宝安,新锦安雅园,宝安中心区,精装修,18.9平方米,朝北,低层(共21层),普通住宅,2019年6月12日,段**,打败了74.2%的同城经纪人
租房立省3000元美庭苑近地铁，环境优美，拎包入住,2000,3室1厅1卫,付1押1,合租,龙华,美庭苑,梅林关口,精装修,23.3平方米,东北,中层(共13层),普通住宅,2019年6月12日,丁**,打败了68%的同城经纪人
首月0元住蔡屋围大信大厦精装好房 先到先得 月付,2660,3室1厅1卫,付1押1,合租,罗湖,大信大厦,笋岗,精装修,13平方米,西北,中层(共18层),普通住宅,2019年6月12日,刘*,打败了68%的同城经纪人
首月0元住蔡屋围天元大厦精装带家电 出门公交车站,2300,3室1厅1卫,付1押1,合租,罗湖,天元大厦,蔡屋围,精装修,17.5平方米,朝东,低层(共19层),普通住宅,2019年6月12日,刘*,打败了68%的同城经纪人
首月0元住蔡屋围怡正发大厦家电齐全 拎包入住 急租急租,2030,3室1厅1卫,付1押1,合租,罗湖,怡正发大厦,布心,精装修,12.7平方米,朝北,中层(共17层),普通住宅,2019年6月12日,刘*,打败了68%的同城经纪人
龙华中心区停车方便 户型方正 采光足 精装全齐拎包即住,1990,3室1厅1卫,付1押1,合租,龙华,捷殷翰庭,龙华中心区,精装修,15.3平方米,东北,低层(共20层),普通住宅,2019年6月12日,任*,打败了77.2%的同城经纪人
侨香站旁精装1房，家私家电齐全，温馨舒适，近山姆会员店,5000,1室1厅1卫,付1押2,整租,福田,香蜜时代,香蜜湖,精装修,40平方米,朝南,中层(共35层),普通住宅,2019年6月12日,陈**,打败了21%的同城经纪人
租房立省3000元碧波楼高档花园小区家私齐全,2000,3室1厅1卫,付1押1,合租,罗湖,碧波楼,笋岗,精装修,14.2平方米,朝南,低层(共16层),普通住宅,2019年6月12日,肖*,打败了77.2%的同城经纪人
首月0元住后海美墅蓝山家园可短租管家服务高性价比大主卧,1625,2室1厅1卫,付1押1,合租,南山,美墅蓝山家园,南山中心区,精装修,15.2平方米,朝南,低层(共18层),普通住宅,2019年6月12日,刘*,打败了68%的同城经纪人
租房立省4000元中航天逸包物业包网费 无中介,2100,3室1厅1卫,付1押1,合租,龙华,中航天逸,民治,精装修,15.7平方米,朝北,低层(共29层),普通住宅,2019年6月12日,魏*,打败了65.5%的同城经纪人
永安商业城宝安中心环境优美 豪华装修 家电家具齐全 商超齐全,2074,3室1厅1卫,付1押1,合租,宝安,永安商业城,宝安中心区,精装修,10.9平方米,东南,中层(共17层),普通住宅,2019年6月12日,刘*,打败了68%的同城经纪人
租房立省4000元西丽工业区套房直租随时看免中介商超齐全,2830,3室1厅1卫,付1押1,合租,南山,西丽工业区,西丽,精装修,31.9平方米,朝东,中层(共14层),普通住宅,2019年6月12日,余*,打败了68%的同城经纪人
龙光玖龙玺 免中芥费 近地铁 包宽带 出行方便 精装修拎包入,1310,3室1厅1卫,付1押1,合租,龙华,龙光玖龙玺,梅林关口,精装修,12.2平方米,东南,高层(共20层),普通住宅,2019年6月12日,刘*,打败了68%的同城经纪人
房间干净整洁 室友容易相处 桃源村有钥匙方便看房,1580,3室1厅1卫,付1押1,合租,南山,水木华庭,桃源村,精装修,17.4平方米,西南,高层(共24层),普通住宅,2019年6月12日,刘*,打败了68%的同城经纪人
租房立省4000元鸿荣源壹成中心花园套房直租随时看免中介商超,1340,3室1厅1卫,付1押1,合租,龙华,鸿荣源壹成中心花园,龙华,精装修,10.5平方米,东北,低层(共13层),普通住宅,2019年6月12日,雷**,打败了71.6%的同城经纪人
中信花园  精装蛋壳公寓 押一付一,1868,3室1厅1卫,付1押1,合租,南山,中信花园,白石洲,精装修,27.5平方米,朝南,低层(共28层),普通住宅,2019年6月12日,徐*,打败了79.9%的同城经纪人
租房立省2000元中南花园白领公寓 实墙隔音好 家具齐全,2114,3室1厅1卫,付1押1,合租,宝安,中南花园,宝安中心区,精装修,10.8平方米,朝西,高层(共22层),普通住宅,2019年6月12日,彭**,打败了77.2%的同城经纪人
租房立省3000元西湖花园精装带家电 出门公交车站,1550,3室1厅1卫,付1押1,合租,罗湖,西湖花园,笋岗,精装修,13平方米,朝南,低层(共16层),普通住宅,2019年6月11日,王**,打败了96.2%的同城经纪人
租房立省4000元世界花园雅兰居全新装修 品牌家电 看房随时,1379,3室1厅1卫,付1押1,合租,南山,世界花园雅兰居,华侨城,精装修,17.3平方米,朝东,低层(共18层),普通住宅,2019年6月12日,夏**,打败了77.2%的同城经纪人
租房立省3000元武警六支队大院精装全配房间精致且温馨,1400,3室1厅1卫,付1押1,合租,罗湖,武警六支队大院,蔡屋围,精装修,25.9平方米,西北,低层(共29层),普通住宅,2019年6月12日,季*,打败了91.1%的同城经纪人
首月0元住清湖美丽365花园可短租可月付24管家服务,1960,3室1厅1卫,付1押1,合租,龙华,美丽365花园,美丽365花园,精装修,18.7平方米,西北,低层(共19层),普通住宅,2019年6月12日,陈**,打败了88%的同城经纪人
荔景名苑 三房合租 男女不限 从事正当职业 干净卫生,1009,4室1厅1卫,付1押1,合租,宝安,荔景名苑,固戍,精装修,16.6平方米,朝东,中层(共28层),普通住宅,2019年6月12日,刘*,打败了68%的同城经纪人
租房立省4000元星悦豪庭包物业包网费 精装小区房 无中介,905,3室1厅1卫,付1押1,合租,宝安,星悦豪庭(一期),沙井,精装修,16.1平方米,东北,低层(共16层),普通住宅,2019年6月12日,刘*,打败了68%的同城经纪人
租房立省4000元前海时代全新家电给你个温馨的窝,1945,2室1厅1卫,付1押1,合租,南山,前海时代,前海,精装修,13.7平方米,朝南,高层(共19层),普通住宅,2019年6月12日,居**,打败了68%的同城经纪人
松岗配套完善 有电梯 户型方正 采光足 宜居住,1260,3室1厅1卫,付1押1,合租,宝安,格布雅苑,松岗,精装修,13.3平方米,朝东,高层(共25层),普通住宅,2019年6月12日,刘*,打败了68%的同城经纪人
首月0元住固戍中信2695可短租可月付,2695,3室1厅1卫,付1押1,合租,宝安,领航里程花园(中信领航城一期),领航城,精装修,12.4平方米,东南,中层(共12层),普通住宅,2019年6月12日,刘*,打败了68%的同城经纪人
租房立省3000元幸福里商超齐全 压一付一 随时看房,1970,3室1厅1卫,付1押1,合租,罗湖,幸福里,蔡屋围,精装修,13.8平方米,朝东,低层(共17层),普通住宅,2019年6月12日,刘*,打败了68%的同城经纪人
龙华立省2000元福顺居近地铁，环境优美，拎包入住,2010,3室1厅1卫,付1押1,合租,龙华,福顺居,龙华,精装修,22.1平方米,朝东,低层(共26层),普通住宅,2019年6月12日,赖**,打败了71.6%的同城经纪人
首月0元住后亭华侨城四海云亭1000可短租押一付一管家服,1000,3室1厅1卫,付1押1,合租,宝安,华侨城四海云亭,沙井,精装修,18.4平方米,西北,低层(共21层),普通住宅,2019年6月12日,居**,打败了68%的同城经纪人
首月0元住龙华优品建筑可短租高性价比大主卧等,1835,3室1厅1卫,付1押1,合租,龙华,优品建筑,龙华,精装修,13.7平方米,西南,低层(共17层),普通住宅,2019年6月12日,韩**,打败了74.2%的同城经纪人
租房立省4000元滢水山庄高层飘窗近地铁生活便利,960,3室1厅1卫,付1押1,合租,龙华,滢水山庄(一区),龙华,精装修,13.3平方米,朝东,高层(共21层),普通住宅,2019年6月12日,冉**,打败了91.1%的同城经纪人
租房立省4000元常兴统建楼家电齐全 拎包入住 急租急租,1581,3室1厅1卫,付1押1,合租,南山,常兴统建楼,南头,精装修,17.1平方米,东北,低层(共20层),普通住宅,2019年6月12日,陈**,打败了88%的同城经纪人
首月0元住坪洲海滨新村1195可短租押一付一管家服务,999,3室1厅1卫,付1押1,合租,宝安,海滨新村,固戍,精装修,15.4平方米,朝西,低层(共17层),普通住宅,2019年6月12日,张**,打败了77.2%的同城经纪人
租房立省4000元创富时代俊景园近地铁，环境优美，拎包入住,965,3室1厅1卫,付1押1,合租,宝安,创富时代俊景园,宝安机场,精装修,15.6平方米,朝北,低层(共18层),普通住宅,2019年6月12日,王**,打败了77.2%的同城经纪人
租房立省3000元星河锦居出门就是地铁 精装带家私,2550,3室1厅1卫,付1押1,合租,福田,星河锦居,沙尾,精装修,22.5平方米,朝北,低层(共26层),普通住宅,2019年6月11日,刘*,打败了68%的同城经纪人
房间干净整洁 室友容易相处 有钥匙方便看房民治,900,3室1厅1卫,付1押1,合租,龙华,莱蒙水榭春天一二三期,莱蒙水榭春天,精装修,12平方米,西北,高层(共19层),普通住宅,2019年6月12日,陆*,打败了71.6%的同城经纪人
家具齐全拎包入住 24热水 百兆网络不断线桃源村,1499,3室1厅1卫,付1押1,合租,南山,梅州大厦,桃源村,精装修,13.3平方米,西北,中层(共11层),普通住宅,2019年6月12日,张*,打败了74.2%的同城经纪人
租房立省4000元东富龙花园高层飘窗近地铁生活便利,2600,3室1厅1卫,付1押1,合租,龙华,东富龙花园,清湖,精装修,30.9平方米,朝南,中层(共20层),普通住宅,2019年6月12日,苟**,打败了68%的同城经纪人
租房立省3000元泊林花园全新家电给你个温馨的窝,1250,3室1厅1卫,付1押1,合租,罗湖,泊林花园,水贝,精装修,14.4平方米,朝东,高层(共19层),普通住宅,2019年6月10日,张**,打败了82.4%的同城经纪人
租房立省4000元耀荣园民水电 免中介 拎包入住,2405,3室1厅1卫,付1押1,合租,福田,耀荣园,香蜜湖,精装修,11.2平方米,西北,低层(共13层),普通住宅,2019年6月12日,王**,打败了71.6%的同城经纪人
莲丰大厦 高立减3000 紧邻地铁 家具全新,2200,3室1厅1卫,付1押1,合租,福田,莲丰大厦,彩田村,精装修,23平方米,朝南,低层(共25层),普通住宅,2019年6月12日,陈**,打败了84.3%的同城经纪人
租房立省4000元金地上塘道精装好房 先到先得  月付,2500,3室1厅1卫,付1押1,合租,龙华,金地上塘道(一期),龙华,精装修,23平方米,朝北,中层(共17层),普通住宅,2019年6月12日,刘**,打败了71.6%的同城经纪人
租房立省4000元梅花新园正规三房 拎包入住 家电齐全,910,3室1厅1卫,付1押1,合租,龙华,梅花新园,民治,精装修,13.5平方米,西南,低层(共14层),普通住宅,2019年6月12日,丁**,打败了68%的同城经纪人
租房立省4000元绿海名都包物业包网费 精装小区房 无中介,1730,2室1厅1卫,付1押1,合租,南山,绿海名都,前海,精装修,13.5平方米,西北,低层(共18层),普通住宅,2019年6月12日,徐*,打败了79.9%的同城经纪人
首月0元住水贝铁路生活小区独卫带阳台 家电齐全 无中介,1460,3室1厅1卫,付1押1,合租,罗湖,铁路生活小区,笋岗,精装修,18.4平方米,朝南,高层(共23层),普通住宅,2019年6月12日,刘*,打败了68%的同城经纪人
租房立省4000元前海明珠全新装修 品牌家电 看房随时,1475,3室1厅1卫,付1押1,合租,南山,前海明珠,前海,精装修,15.3平方米,西北,高层(共23层),普通住宅,2019年6月12日,罗**,打败了84.3%的同城经纪人
紧靠地铁 生活配套齐全 无中介杂费 方形方正宽大 通透采光好,1560,3室1厅1卫,付1押1,合租,南山,幸福花园,大学城,精装修,16.6平方米,朝南,中层(共16层),普通住宅,2019年6月12日,刘*,打败了68%的同城经纪人
首月0元住翻身路常盛花园可短租可月付24管家服务,1850,3室1厅1卫,付1押1,合租,宝安,常盛花园,翻身路,精装修,17.3平方米,东北,低层(共19层),普通住宅,2019年6月12日,林**,打败了71.6%的同城经纪人
租房立省4000元集华花园正规三房 拎包入住 家电齐全,2500,3室1厅1卫,付1押1,合租,福田,集华花园,皇岗,精装修,14.3平方米,朝南,低层(共16层),普通住宅,2019年6月12日,韩**,打败了74.2%的同城经纪人
租房立省4000元佳和苑商超齐全 压一付一 随时看房,945,3室1厅1卫,付1押1,合租,龙华,佳和苑,清湖,精装修,13.6平方米,东北,高层(共21层),普通住宅,2019年6月6日,刘*,打败了68%的同城经纪人
首月0元住龙华美丽AAA花园可短租高性价比大主卧等,2315,3室1厅1卫,付1押1,合租,龙华,美丽AAA花园,龙华中心区,精装修,15.7平方米,东北,高层(共22层),普通住宅,2019年6月12日,陈*,打败了96.2%的同城经纪人
潜龙鑫茂花园品质装修 楼下地铁口 押一付一 拎包入住梅林关口,1710,3室1厅1卫,付1押1,合租,龙华,潜龙鑫茂花园(A区),民治,精装修,14.9平方米,西南,中层(共13层),普通住宅,2019年6月12日,刘*,打败了71.6%的同城经纪人
租房立省4000元前海花园押一付一 精装公寓 无中介,1585,2室1厅1卫,付1押1,合租,南山,前海花园,前海,精装修,13.5平方米,朝南,低层(共9层),普通住宅,2019年6月12日,徐*,打败了79.9%的同城经纪人
租房立省3000元新丰大厦精装全配房间精致且温馨,1550,3室1厅1卫,付1押1,合租,罗湖,新丰大厦,水库,精装修,10.9平方米,朝南,低层(共13层),普通住宅,2019年6月10日,李*,打败了94.7%的同城经纪人
租房立省3000元公交集团宿舍全新家电给你个温馨的窝,1340,3室1厅1卫,付1押1,合租,罗湖,公交集团宿舍,草埔,精装修,13.7平方米,朝东,中层(共12层),普通住宅,2019年6月12日,刘*,打败了68%的同城经纪人
首月0元住龙华美丽AAA花园1935可短租押一付一管家服,1935,3室1厅1卫,付1押1,合租,龙华,美丽AAA花园,龙华中心区,精装修,13.7平方米,朝东,高层(共21层),普通住宅,2019年6月12日,韩**,打败了74.2%的同城经纪人
高端住宅小区 楼层好 视野广阔 采光好 押一付一梅林关口,1740,3室1厅1卫,付1押1,合租,龙华,悦景苑,梅林关口,精装修,17.9平方米,朝东,高层(共23层),普通住宅,2019年6月12日,刘*,打败了71.6%的同城经纪人
租房立省4000元广银大厦精装带家电 出门公交车站,2000,3室1厅1卫,付1押1,合租,福田,广银大厦,赤尾,精装修,23.5平方米,东北,低层(共25层),普通住宅,2019年6月12日,张**,打败了77.2%的同城经纪人
租房立省4000元东方银座公馆高档花园小区家私齐全,2895,2室1厅1卫,付1押1,合租,南山,东方银座公馆,前海,精装修,14.9平方米,朝东,低层(共18层),普通住宅,2019年6月12日,居**,打败了68%的同城经纪人
立减2000裕馨楼精装带家私押一付一免中介,2290,3室1厅1卫,付1押1,合租,南山,裕馨楼,西丽,精装修,22.9平方米,朝西,高层(共20层),普通住宅,2019年6月12日,刘**,打败了92.4%的同城经纪人
坂田地铁站 旭景佳园精装大单间 免中介 民水电 随时看房,2010,3室1厅1卫,付1押1,合租,龙岗,旭景佳园(一期),坂田,精装修,17.7平方米,东南,高层(共20层),普通住宅,2019年6月12日,任*,打败了77.2%的同城经纪人
租房立省4000元华业玫瑰四季二期高档花园小区家私齐全,900,3室1厅1卫,付1押1,合租,龙华,华业玫瑰四季二期,民治,精装修,12.1平方米,西南,低层(共14层),普通住宅,2019年6月12日,丁**,打败了68%的同城经纪人
租房立省3000元天玑公馆包物业包网费 精装小区房 无中介,965,3室1厅1卫,付1押1,合租,龙华,天玑公馆,清湖,精装修,13.4平方米,东北,高层(共23层),普通住宅,2019年6月12日,刘**,打败了92.4%的同城经纪人
租房立省4000元中航天逸高层飘窗近地铁生活便利,1940,3室1厅1卫,付1押1,合租,龙华,中航天逸,民治,精装修,22.4平方米,东北,中层(共29层),普通住宅,2019年6月12日,刘*,打败了68%的同城经纪人
首月0元住布心彩世界家园出门就是地铁 精装带家私,1960,3室1厅1卫,付1押1,合租,罗湖,彩世界家园,布心,精装修,19.8平方米,东北,高层(共21层),普通住宅,2019年6月12日,刘*,打败了68%的同城经纪人
花样年花好园 合租 干净一卧室 带衣帽间独立卫生间 看房随时,2030,3室1厅1卫,付1押1,合租,福田,花样年花好园,下沙,精装修,20平方米,朝东,低层(共8层),普通住宅,2019年6月12日,刘*,打败了68%的同城经纪人
租房立省3000元金豪花园全新装修 品牌家电 看房随时,1550,3室1厅1卫,付1押1,合租,罗湖,金豪花园,笋岗,精装修,14.1平方米,朝南,低层(共17层),普通住宅,2019年6月11日,王**,打败了96.2%的同城经纪人
租房立省4000元福安小区精装好房 先到先得  月付,2174,2室1厅1卫,付1押1,合租,宝安,福安小区,宝安,精装修,15.9平方米,东北,低层(共17层),普通住宅,2019年6月12日,鲜**,打败了65.5%的同城经纪人
租房立省4000元耀荣园民水电 免中介 拎包入住,2405,3室1厅1卫,付1押1,合租,福田,耀荣园,香蜜湖,精装修,11.2平方米,西北,低层(共13层),普通住宅,2019年6月12日,王**,打败了71.6%的同城经纪人
租房立省4000元前海时代精装全配房间精致且温馨,1815,2室1厅1卫,付1押1,合租,南山,前海时代,前海,精装修,15.2平方米,东北,高层(共19层),普通住宅,2019年6月12日,居**,打败了68%的同城经纪人
租房立省3000元阳光天地家园月付 包物业费网费 无中介,1550,3室1厅1卫,付1押1,合租,罗湖,阳光天地家园,翠竹,精装修,12.2平方米,东北,低层(共14层),普通住宅,2019年6月11日,刘*,打败了68%的同城经纪人
首月0元住沙井荣泰园930可短租可月付,930,3室1厅1卫,付1押1,合租,宝安,荣泰园,沙井,精装修,11.9平方米,东北,中层(共15层),普通住宅,2019年6月12日,居**,打败了68%的同城经纪人
前海房屋干净整洁 精装修 家电齐全 宽敞明亮 布局大方,1989,3室1厅1卫,付1押1,合租,南山,华昌大厦,桃园,精装修,23.4平方米,朝东,低层(共25层),普通住宅,2019年6月12日,姚**,打败了95.5%的同城经纪人
租房立省4000元春树里商超齐全 压一付一 随时看房,1590,3室1厅1卫,付1押1,合租,南山,春树里,蛇口,精装修,16.2平方米,东南,低层(共20层),普通住宅,2019年6月12日,于*,打败了65.5%的同城经纪人
景田生活购物便利 视野广阔 采光好 空气质量好 车位充足,1490,1室1厅1卫,付1押1,合租,福田,龙塘小区,景田,精装修,16.9平方米,朝南,低层(共24层),普通住宅,2019年6月12日,王**,打败了89.6%的同城经纪人
桃源村可长短租 精装入住 家电齐全 生活配套全桃源村,1530,3室1厅1卫,付1押1,合租,南山,桃源村(三期),桃源村,精装修,14.3平方米,东北,中层(共10层),普通住宅,2019年6月12日,刘*,打败了68%的同城经纪人
租房立省4000元碧海天家园包物业包网费 精装小区房 无中介,1565,3室1厅1卫,付1押1,合租,南山,碧海天家园,海岸城,精装修,15.2平方米,西北,高层(共24层),普通住宅,2019年6月12日,刘**,打败了77.2%的同城经纪人
租房立省2000元雷公岭住宅区正规三房 拎包入住 家电齐全,2000,3室1厅1卫,付1押1,合租,南山,雷公岭住宅区,蛇口,精装修,20平方米,朝北,低层(共22层),普通住宅,2019年6月12日,刘*,打败了68%的同城经纪人
立减2000豪方悠然居精装带家私押一付一免中介,2200,1室1厅1卫,付1押1,合租,南山,豪方悠然居,蛇口,精装修,21.8平方米,朝西,低层(共23层),普通住宅,2019年6月12日,刘*,打败了68%的同城经纪人
租房立省4000元日出印象高层采光视野好 交通生活便利,1980,3室1厅1卫,付1押1,合租,龙华,日出印象(B区),民治,精装修,21.9平方米,朝南,高层(共21层),普通住宅,2019年6月12日,刘*,打败了68%的同城经纪人
帝景园  精装蛋壳公寓 押一付一,1930,3室1厅1卫,付1押1,合租,南山,帝景园,科技园,精装修,14.9平方米,朝西,低层(共17层),普通住宅,2019年6月12日,苏**,打败了74.2%的同城经纪人
首月0元住八卦岭笔架山花园家电齐全 拎包入住 急租急租,2090,3室1厅1卫,付1押1,合租,福田,乐山居,笔架山,精装修,13.3平方米,朝北,中层(共15层),普通住宅,2019年6月12日,刘*,打败了68%的同城经纪人
租房立省4000元深航幸福花园全新装修 品牌家电 看房随时,1600,3室1厅1卫,付1押1,合租,宝安,深航幸福花园,福永,精装修,11.9平方米,东北,低层(共14层),普通住宅,2019年6月12日,刘*,打败了68%的同城经纪人
租房立省2000元文康苑高层采光视野好 交通生活便利,2700,3室1厅1卫,付1押1,合租,南山,文康苑,西丽,精装修,29.7平方米,朝东,低层(共30层),普通住宅,2019年6月12日,熊*,打败了74.2%的同城经纪人
租房立省4000元常兴统建楼家电齐全 拎包入住 急租急租,1581,3室1厅1卫,付1押1,合租,南山,常兴统建楼,南头,精装修,17.1平方米,东北,低层(共20层),普通住宅,2019年6月12日,陈**,打败了88%的同城经纪人
租房立省4000元珑御府包物业包网费 精装小区房 无中介,1560,3室1厅1卫,付1押1,合租,南山,珑御府,科苑,精装修,14.6平方米,朝东,低层(共19层),普通住宅,2019年6月12日,刘*,打败了68%的同城经纪人
租房立省4000元富联公寓独卫带阳台 家电齐全 无中介,970,3室1厅1卫,付1押1,合租,龙华,富联公寓,美丽365花园,精装修,11.1平方米,朝西,低层(共12层),普通住宅,2019年6月12日,居**,打败了68%的同城经纪人
租房立省4000元新秀苑全新装修 品牌家电 看房随时,2460,2室1厅1卫,付1押1,合租,宝安,新秀苑,宝安中心区,精装修,16.1平方米,东北,高层(共24层),普通住宅,2019年6月12日,刘**,打败了77.2%的同城经纪人
